timestamp,rx_mbps_p1,tx_mbps_p1,rx_mbps_p2,tx_mbps_p2,rx_mbps_p4,tx_mbps_p4,device_id,delay_ms
2026-01-14 11:10:06,0.290192,0.2208,0.036352,0.0336,0.000512,0.0336,max,6.341
2026-01-14 11:10:07,4.927584,2.72592,5.20304,4.1808,5.98896,1.13232,camera,5.951
2026-01-14 11:10:08,5.404032,2.66304,5.129088,3.77856,5.753728,1.1112,max,6.386
2026-01-14 11:10:10,5.3312,2.91744,5.340416,3.01296,5.735744,1.14672,max,6.311
2026-01-14 11:10:12,4.930472,3.1896,5.020024,2.14992,5.193968,1.12416,max,6.304
2026-01-14 11:10:12,4.930472,3.1896,5.020024,2.14992,5.193968,1.12416,camera,5.585
2026-01-14 11:10:13,4.960224,2.67264,5.335488,3.5064,6.066624,1.13568,camera,5.679
2026-01-14 11:10:16,4.940968,2.59488,4.936952,3.8208,6.046776,1.12896,max,6.317
2026-01-14 11:10:18,4.65008,2.64288,5.497576,3.45552,5.803336,1.17024,max,0.358
2026-01-14 11:10:18,4.65008,2.64288,5.497576,3.45552,5.803336,1.17024,camera,5.466
2026-01-14 11:10:20,5.132776,3.26208,5.081064,2.0448,5.401168,1.13376,max,6.332
2026-01-14 11:10:24,4.916904,2.29584,4.745384,2.48688,5.305,1.05504,max,6.29
2026-01-14 11:10:26,0.618688,3.92448,2.263344,0.31056,2.199856,0.20496,max,6.281
2026-01-14 11:10:27,0.190472,3.84,2.166232,0.0,2.02236,0.13392,camera,6.022
2026-01-14 11:10:28,0.62316,3.6192,2.437176,0.00048,2.457144,0.1608,max,6.238
2026-01-14 11:10:33,0.350224,0.0,0.350224,0.0,0.30824,0.04128,camera,1990.349
2026-01-14 11:10:33,0.350224,0.0,0.350224,0.0,0.30824,0.04128,max,1552.736
2026-01-14 11:10:34,2.07784,2.64528,3.253904,0.70368,2.960528,0.61776,max,13.114
2026-01-14 11:10:40,1.388368,2.36784,2.02376,1.98816,2.709328,0.0,max,6.158
2026-01-14 11:10:42,0.10608,3.4512,1.963008,0.0,1.963008,0.0,max,6.214
2026-01-14 11:10:42,0.10608,3.4512,1.963008,0.0,1.963008,0.0,camera,5.057
2026-01-14 11:10:43,0.161032,3.45216,1.985896,0.0,1.985896,0.0,camera,5.926
2026-01-14 11:10:44,0.161376,3.456,2.004576,0.0,2.004576,0.0,max,6.162
2026-01-14 11:10:44,0.161376,3.456,2.004576,0.0,2.004576,0.0,camera,5.284
2026-01-14 11:10:46,0.106536,3.44352,2.109104,0.0,2.108592,0.0,max,6.012
2026-01-14 11:10:49,0.118032,3.45216,1.959184,0.0,1.959184,0.0,camera,5.206
2026-01-14 11:10:50,0.122296,3.45408,1.964472,0.0,1.964472,0.0,max,5.891
2026-01-14 11:10:52,0.132024,3.4608,1.977784,0.0,1.979216,0.0,max,6.058
2026-01-14 11:10:54,0.168936,3.43776,1.9998,0.0,1.9998,0.0,max,6.25
2026-01-14 11:10:54,0.168936,3.43776,1.9998,0.0,1.9998,0.0,camera,5.43
2026-01-14 11:10:56,0.154496,3.44832,2.000064,0.0,1.9988,0.0,max,6.076
2026-01-14 11:11:00,0.041784,3.76224,1.879352,0.0,1.879352,0.0,max,6.11
2026-01-14 11:11:00,0.041784,3.76224,1.879352,0.0,1.879352,0.0,camera,5.278
2026-01-14 11:11:02,0.074424,3.45504,1.917112,0.0,1.923752,0.0,max,6.25
2026-01-14 11:11:04,0.093544,3.45312,1.934816,0.0,2.103872,0.0,max,5.84
2026-01-14 11:11:04,0.093544,3.45312,1.934816,0.0,2.103872,0.0,camera,5.32
2026-01-14 11:11:06,0.17464,3.77184,2.020912,0.0,2.019944,0.0,max,4.582
2026-01-14 11:11:06,0.17464,3.77184,2.020912,0.0,2.019944,0.0,camera,5.148
2026-01-14 11:11:09,0.126568,3.456,1.969768,0.0,1.969768,0.0,camera,5.487
2026-01-14 11:11:10,0.05368,3.45504,1.89864,0.0,1.899152,0.0,max,6.16
2026-01-14 11:11:12,0.058424,3.45216,1.899576,0.0,1.900088,0.0,max,5.193
2026-01-14 11:11:13,0.091184,3.4608,2.105904,0.0,2.105392,0.0,camera,5.766
2026-01-14 11:11:14,0.190824,3.77088,2.033,0.0,2.033,0.0,max,6.171
2026-01-14 11:11:16,0.100856,3.44544,1.93536,0.0,1.93536,0.0,max,6.172
2026-01-14 11:11:17,0.048992,3.44256,1.885024,0.0,1.885024,0.0,camera,5.791
2026-01-14 11:11:20,0.02024,3.45504,1.870888,0.0,2.039672,0.0,max,6.12
2026-01-14 11:11:21,0.158904,3.7584,2.155424,0.0,1.98664,0.0,camera,5.376
2026-01-14 11:11:22,0.088736,3.45888,1.933472,0.0,1.933472,0.0,max,6.145
2026-01-14 11:11:24,4.3388,4.39296,4.687472,3.86592,5.293168,1.14048,max,6.166
2026-01-14 11:11:24,4.3388,4.39296,4.687472,3.86592,5.293168,1.14048,camera,5.523
2026-01-14 11:11:26,4.26716,5.39904,4.350728,2.856,5.129024,1.13424,max,6.167
2026-01-14 11:11:28,4.236856,5.1384,4.157384,3.15504,4.772296,1.13184,max,6.137
2026-01-14 11:11:29,4.125536,5.12592,4.306272,2.97696,5.0956,1.13088,camera,5.75
2026-01-14 11:11:30,4.360504,5.64768,4.182872,2.75376,4.78772,1.12896,max,4.568
2026-01-14 11:11:32,4.091768,5.09664,4.084088,2.76,5.020024,1.1496,max,6.149
2026-01-14 11:11:33,4.149696,5.39184,4.160448,2.95152,4.605376,1.13232,camera,5.31
2026-01-14 11:11:34,4.194576,5.30448,4.189968,2.8152,5.132048,1.13568,max,6.068
2026-01-14 11:11:35,4.38848,5.52624,4.42352,3.14832,4.86384,1.13616,camera,5.778
2026-01-14 11:11:37,4.177336,5.32608,4.137688,2.7168,5.096152,1.12464,camera,5.208
2026-01-14 11:11:38,4.290864,5.55552,4.303152,2.92464,4.734256,1.13664,max,5.998
2026-01-14 11:11:39,4.301656,5.2896,4.286296,3.2328,5.053784,1.14,camera,5.549
2026-01-14 11:11:40,4.081416,5.27904,4.092168,2.6688,4.715784,1.12464,max,6.125
2026-01-14 11:11:40,4.081416,5.27904,4.092168,2.6688,4.715784,1.12464,camera,5.428
2026-01-14 11:11:42,4.400064,5.71632,4.273192,2.79024,4.865376,1.13904,max,6.122
2026-01-14 11:11:46,4.069328,5.25936,4.257744,3.02544,5.052048,1.13424,max,6.108
2026-01-14 11:11:48,4.574808,4.16496,4.728408,3.40992,5.374496,1.14048,max,6.113
2026-01-14 11:11:49,4.645544,3.72192,4.632744,3.30096,5.554,1.15632,camera,5.379
2026-01-14 11:11:50,4.483432,3.64992,4.76452,2.80992,4.912376,1.12896,max,6.056
2026-01-14 11:11:50,4.483432,3.64992,4.76452,2.80992,4.912376,1.12896,camera,5.6
2026-01-14 11:11:52,4.954968,3.18384,4.684904,3.0072,5.27644,1.12896,max,6.07
2026-01-14 11:11:54,4.952032,3.17472,5.20264,3.70464,5.979856,1.13232,max,6.103
2026-01-14 11:11:56,4.535992,3.02304,4.979384,1.9176,5.654856,1.13616,max,5.929
2026-01-14 11:11:57,5.259992,3.48336,5.266696,3.82608,5.517608,1.14,camera,5.295
2026-01-14 11:11:58,4.958672,2.92368,5.29188,3.4416,5.772648,1.1328,max,6.094
2026-01-14 11:11:59,4.678648,3.11568,5.244464,1.99824,5.257824,1.12464,camera,5.294
2026-01-14 11:12:00,5.35132,3.0336,5.49212,4.57392,6.122856,1.13376,max,6.055
2026-01-14 11:12:02,5.007328,2.32416,5.010912,4.0584,5.613536,1.14,max,6.028
2026-01-14 11:12:04,4.760112,2.80032,4.896816,3.15024,5.365152,1.12896,max,5.757
2026-01-14 11:12:04,4.760112,2.80032,4.896816,3.15024,5.365152,1.12896,camera,5.701
2026-01-14 11:12:06,4.635744,2.61792,4.916264,3.16992,5.251112,1.12656,max,3.282
2026-01-14 11:12:08,4.460488,2.97984,4.924136,2.78496,5.095144,1.12656,max,6.082
2026-01-14 11:12:09,5.102696,2.72448,5.234504,3.18096,5.88116,1.12128,camera,5.625
2026-01-14 11:12:12,4.8012,2.77488,5.24408,2.496,5.716144,1.13136,max,4.71
2026-01-14 11:12:13,5.037384,3.02256,4.9492,4.09104,5.5252,1.12752,camera,4.79
2026-01-14 11:12:14,4.800136,2.47344,5.271296,3.65088,5.7664,1.13088,max,6.051
2026-01-14 11:12:16,4.995976,3.02688,5.296464,3.6048,5.322128,1.1328,max,6.007
2026-01-14 11:12:17,4.91148,2.44368,4.910512,4.21536,6.026216,1.12896,camera,5.387
2026-01-14 11:12:18,5.302752,2.64336,5.304288,4.3392,5.595104,1.11696,max,6.023
2026-01-14 11:12:20,4.93548,2.5464,4.936504,3.3912,5.56012,1.12128,max,5.96
2026-01-14 11:12:22,4.701072,2.75232,5.015952,3.59904,5.319648,1.11984,max,6.002
2026-01-14 11:12:22,4.701072,2.75232,5.015952,3.59904,5.319648,1.11984,camera,5.308
2026-01-14 11:12:24,4.859968,3.20544,4.815888,3.87312,5.25928,1.13376,max,5.87
2026-01-14 11:12:26,4.830656,2.68128,4.96588,3.45696,5.443064,1.12656,max,6.028
2026-01-14 11:12:28,4.953,3.33216,5.280168,3.2304,5.868456,1.13712,max,5.985
2026-01-14 11:12:29,5.00648,2.50416,4.895376,3.77952,5.488368,1.11984,camera,5.657
2026-01-14 11:12:30,5.022352,2.86368,5.377168,2.53536,5.869616,1.1328,max,6.027
2026-01-14 11:12:32,4.55868,2.73408,5.3496,2.46,5.67216,1.14336,max,5.802
2026-01-14 11:12:34,4.658584,2.58192,5.28112,3.2352,5.77264,1.13808,max,5.942
2026-01-14 11:12:34,4.658584,2.58192,5.28112,3.2352,5.77264,1.13808,camera,5.575
2026-01-14 11:12:38,5.073064,2.57472,5.082304,3.82944,5.695688,1.13904,max,5.897
2026-01-14 11:12:38,5.073064,2.57472,5.082304,3.82944,5.695688,1.13904,camera,5.168
2026-01-14 11:12:40,4.788712,2.84544,4.931048,2.8776,5.413232,1.12656,max,5.94
2026-01-14 11:12:42,4.765184,2.87664,4.890624,2.35008,5.220864,1.13664,max,6.008
2026-01-14 11:12:43,5.105696,2.87568,5.243936,3.79152,5.885056,1.12992,camera,5.251
2026-01-14 11:12:46,5.242272,2.87616,5.242784,4.13808,6.025632,1.12752,max,5.86
2026-01-14 11:12:46,5.242272,2.87616,5.242784,4.13808,6.025632,1.12752,camera,5.13
2026-01-14 11:12:48,5.138296,2.81472,5.275312,4.21248,6.073856,1.1328,max,5.698
2026-01-14 11:12:48,5.138296,2.81472,5.275312,4.21248,6.073856,1.1328,camera,2.401
2026-01-14 11:12:50,5.141424,2.89728,5.310896,3.68688,5.920176,1.12896,max,5.764
2026-01-14 11:12:50,5.141424,2.89728,5.310896,3.68688,5.920176,1.12896,camera,5.534
2026-01-14 11:12:52,5.511112,2.70528,5.5234,3.80544,6.299112,1.1376,max,5.883
2026-01-14 11:12:52,5.511112,2.70528,5.5234,3.80544,6.299112,1.1376,camera,5.536
2026-01-14 11:12:54,5.017504,2.90928,5.005728,3.65952,5.606272,1.13856,max,5.98
2026-01-14 11:12:55,5.232608,2.9664,5.247968,3.50064,6.014432,1.1256,camera,5.609
2026-01-14 11:12:56,4.918448,2.47008,4.925616,2.8656,5.545136,1.11648,max,3.145
2026-01-14 11:12:58,5.325184,2.94192,4.990336,4.58208,5.600128,1.1304,max,5.864
2026-01-14 11:12:58,5.325184,2.94192,4.990336,4.58208,5.600128,1.1304,camera,5.721
2026-01-14 11:13:00,5.150368,3.01008,4.922048,4.35744,5.400768,1.1256,max,5.754
2026-01-14 11:13:03,5.241936,2.62512,4.929616,3.54384,5.534288,1.11696,camera,5.561
2026-01-14 11:13:04,4.832872,2.90352,4.833896,4.56,5.461608,1.11552,max,5.862
2026-01-14 11:13:04,4.832872,2.90352,4.833896,4.56,5.461608,1.11552,camera,5.233
2026-01-14 11:13:06,4.98492,2.47344,4.986456,3.87504,5.61212,1.12032,max,5.927
2026-01-14 11:13:08,5.025024,3.04608,4.967168,2.60592,5.29884,1.12752,max,5.86
2026-01-14 11:13:09,5.045512,2.5536,5.588368,2.51856,6.057464,1.1352,camera,5.376
2026-01-14 11:13:10,5.047096,3.13968,4.950192,3.01824,5.422768,1.12992,max,4.937
2026-01-14 11:13:12,5.218776,2.96928,5.53468,1.94304,5.992408,1.13568,max,5.942
2026-01-14 11:13:12,5.218776,2.96928,5.53468,1.94304,5.992408,1.13568,camera,5.151
2026-01-14 11:13:14,4.27396,2.89248,5.230256,3.01872,5.393104,1.12992,max,5.584
2026-01-14 11:13:15,5.36568,2.916,5.162536,3.09072,5.640232,1.1256,camera,5.155
2026-01-14 11:13:16,5.35016,2.79984,5.353744,3.95712,6.123792,1.13616,max,5.832
2026-01-14 11:13:18,5.299072,2.832,5.292048,3.348,6.072384,1.13232,max,5.916
2026-01-14 11:13:21,4.86812,2.61744,5.298216,3.17904,5.739512,1.1304,camera,4.779
2026-01-14 11:13:22,4.887712,2.7,4.9384,2.55888,5.413336,1.12944,max,5.669
2026-01-14 11:13:22,4.887712,2.7,4.9384,2.55888,5.413336,1.12944,camera,5.604
2026-01-14 11:13:24,5.316496,2.97024,4.979128,2.86656,5.596824,1.12752,max,5.839
2026-01-14 11:13:24,5.316496,2.97024,4.979128,2.86656,5.596824,1.12752,camera,5.402
2026-01-14 11:13:25,5.008976,2.9568,5.29412,3.48816,5.915976,1.14384,camera,5.015
2026-01-14 11:13:26,4.876456,2.9496,5.038248,2.84784,5.337768,1.13568,max,5.892
2026-01-14 11:13:26,4.876456,2.9496,5.038248,2.84784,5.337768,1.13568,camera,4.617
2026-01-14 11:13:30,5.218568,3.13584,5.504264,2.676,6.14068,1.12896,max,5.667
2026-01-14 11:13:32,5.29416,3.01536,5.284392,3.56448,6.060584,1.12848,max,5.869
2026-01-14 11:13:32,5.29416,3.01536,5.284392,3.56448,6.060584,1.12848,camera,5.542
2026-01-14 11:13:34,5.078712,3.15552,5.26764,3.204,5.883576,1.1232,max,5.889
2026-01-14 11:13:36,4.940328,2.71296,5.27944,4.01952,6.047856,1.13376,max,5.899
2026-01-14 11:13:36,4.940328,2.71296,5.27944,4.01952,6.047856,1.13376,camera,5.152
2026-01-14 11:13:38,4.948464,3.03888,4.950912,2.2728,5.227392,1.12464,max,5.671
2026-01-14 11:13:38,4.948464,3.03888,4.950912,2.2728,5.227392,1.12464,camera,5.446
2026-01-14 11:13:40,4.955712,2.7984,4.890176,2.256,5.231736,1.12176,max,5.73
2026-01-14 11:13:42,5.275336,2.90544,4.934344,4.73904,5.54772,1.12752,max,5.824
2026-01-14 11:13:42,5.275336,2.90544,4.934344,4.73904,5.54772,1.12752,camera,5.61
2026-01-14 11:13:43,4.594864,2.71584,5.237936,3.86256,5.711536,1.12944,camera,5.244
2026-01-14 11:13:44,5.19484,2.68848,4.996184,2.32992,5.475928,1.12416,max,5.899
2026-01-14 11:13:45,4.596384,2.55216,4.875936,2.08128,5.743192,1.13808,camera,1.828
2026-01-14 11:13:47,5.205048,2.80368,5.3438,3.44688,5.453952,1.1184,camera,5.112
2026-01-14 11:13:48,4.905296,2.5248,4.906976,3.48672,6.029184,1.13664,max,5.233
2026-01-14 11:13:50,4.970872,2.4696,5.312424,3.63504,6.0794,1.14144,max,5.666
2026-01-14 11:13:51,4.925376,2.83968,4.887952,2.55456,5.19464,1.12992,camera,4.112
2026-01-14 11:13:52,4.85016,2.53824,5.326864,2.78832,5.97096,1.12944,max,5.89
2026-01-14 11:13:53,5.333512,2.6736,5.135848,4.07328,5.610984,1.12608,camera,4.939
2026-01-14 11:13:55,4.925992,2.70144,5.543464,2.44416,6.041128,1.13232,camera,5.016
2026-01-14 11:13:56,5.105664,2.92128,4.906496,4.13136,5.387776,1.12032,max,5.865
2026-01-14 11:13:58,5.227696,2.39856,5.523728,2.74656,5.515024,1.12944,max,5.869
2026-01-14 11:14:00,5.2054,2.95488,5.004752,3.26112,5.464064,1.14144,camera,5.252
2026-01-14 11:14:00,5.2054,2.95488,5.004752,3.26112,5.464064,1.14144,max,5.86
2026-01-14 11:14:02,4.93504,2.78304,5.075328,3.08832,5.556096,1.12464,camera,4.556
2026-01-14 11:14:02,4.93504,2.78304,5.075328,3.08832,5.556096,1.12464,max,5.375
2026-01-14 11:14:04,5.142736,2.99808,5.27432,2.74944,5.91432,1.13712,max,5.839
2026-01-14 11:14:06,4.816032,2.53104,5.242528,2.95248,5.932704,1.13616,max,5.482
2026-01-14 11:14:07,5.166344,2.72352,4.96564,3.564,5.446408,1.12368,camera,5.345
2026-01-14 11:14:08,4.79468,2.86512,5.288248,3.18288,5.563704,1.1376,max,5.85
2026-01-14 11:14:10,4.638232,2.71968,5.261192,3.70992,5.759368,1.13232,max,5.852
2026-01-14 11:14:11,4.85852,2.96688,4.996344,2.3136,5.155576,1.13616,camera,5.06
2026-01-14 11:14:13,5.075336,2.64144,5.283256,2.97744,6.06764,1.12608,camera,5.541
2026-01-14 11:14:14,5.072456,2.70432,4.86868,3.39984,5.457792,1.12512,max,5.814
2026-01-14 11:14:16,5.146528,2.81616,4.947872,2.63856,5.42608,1.1256,camera,4.407
2026-01-14 11:14:16,5.146528,2.81616,4.947872,2.63856,5.42608,1.1256,max,5.793
2026-01-14 11:14:18,4.705416,2.77344,4.854968,3.18624,5.192376,1.1256,max,5.785
2026-01-14 11:14:19,4.956896,3.03744,5.290208,3.1056,5.785312,1.13376,camera,4.964
2026-01-14 11:14:22,4.73632,2.78592,5.217088,3.372,5.848504,1.13472,max,5.811
2026-01-14 11:14:24,4.69356,2.73936,5.310512,4.344,5.794304,1.14816,camera,5.105
2026-01-14 11:14:24,4.69356,2.73936,5.310512,4.344,5.794304,1.14816,max,5.678
2026-01-14 11:14:26,5.17228,2.8896,5.317176,2.83824,5.95396,1.14336,max,5.818
2026-01-14 11:14:28,5.261688,2.99952,5.2622,3.22416,5.553016,1.11312,max,5.789
2026-01-14 11:14:30,4.718096,2.70768,4.996624,2.03184,5.81736,1.13904,max,5.657
2026-01-14 11:14:31,5.01524,2.81088,5.32244,3.42768,5.307592,1.12272,camera,5.265
2026-01-14 11:14:32,4.806288,2.82624,4.98856,2.77968,5.421312,1.128,camera,5.136
2026-01-14 11:14:32,4.806288,2.82624,4.98856,2.77968,5.421312,1.128,max,5.833
2026-01-14 11:14:34,4.787888,2.532,4.948656,3.4248,5.399216,1.13088,max,5.779
2026-01-14 11:14:36,4.542488,2.7696,5.012504,2.79552,5.167816,1.12656,camera,4.661
2026-01-14 11:14:36,4.542488,2.7696,5.012504,2.79552,5.167816,1.12656,max,5.787
2026-01-14 11:14:38,4.51536,0.61008,3.078688,2.90016,4.312432,0.66768,max,5.722
2026-01-14 11:14:40,0.169992,1.94016,1.160712,0.0,1.03732,0.11568,camera,5.305
2026-01-14 11:14:40,0.169992,1.94016,1.160712,0.0,1.03732,0.11568,max,5.722
2026-01-14 11:14:42,0.2506,3.52176,2.06052,0.0,2.09636,0.14112,camera,5.113
2026-01-14 11:14:42,0.2506,3.52176,2.06052,0.0,2.09636,0.14112,max,5.529
2026-01-14 11:14:44,1.68248,4.48176,3.305152,0.61488,3.102352,0.51744,max,5.711
2026-01-14 11:14:45,1.19072,1.97376,1.501552,0.62016,1.766768,0.25872,camera,5.287
2026-01-14 11:14:47,1.776976,3.07104,2.216736,1.07712,2.772768,0.3648,camera,5.432
2026-01-14 11:14:48,0.923784,4.19232,2.68916,0.00672,2.299528,0.372,max,5.76
2026-01-14 11:14:49,1.137448,4.66944,3.123496,0.0,2.610472,0.48192,camera,5.37
2026-01-14 11:14:50,1.553728,2.0832,1.765696,1.14624,2.659696,0.33744,max,5.744
2026-01-14 11:14:52,0.979696,4.26624,2.814192,0.0,2.26024,0.52176,max,5.759
2026-01-14 11:14:56,2.176304,3.4488,2.93668,1.3656,3.188232,0.57456,max,5.762
2026-01-14 11:14:57,1.458488,3.35376,2.413736,0.60048,2.347176,0.3792,camera,4.843
2026-01-14 11:14:58,0.674312,4.28064,2.657944,0.0,2.351768,0.28608,max,5.685
2026-01-14 11:15:00,1.276184,0.42288,0.618264,1.04496,1.26236,0.216,max,5.709
2026-01-14 11:15:02,1.184928,4.76256,3.145344,0.0,2.583344,0.51024,camera,5.09
2026-01-14 11:15:02,1.184928,4.76256,3.145344,0.0,2.583344,0.51024,max,5.63
2026-01-14 11:15:04,1.494096,4.65456,3.297872,0.16368,2.978736,0.47328,max,5.711
2026-01-14 11:15:06,1.065928,4.28064,2.91732,0.0,2.610632,0.47184,max,5.637
2026-01-14 11:15:07,2.102784,2.79648,2.443264,1.40448,2.725376,0.46704,camera,5.2
2026-01-14 11:15:08,1.065544,2.72592,2.04904,0.50544,2.091536,0.2952,max,5.77
2026-01-14 11:15:10,0.76676,2.02128,1.454768,0.18288,1.786656,0.2928,max,5.693
2026-01-14 11:15:12,0.175984,1.02288,0.842608,0.0,0.782704,0.05616,camera,4.9
2026-01-14 11:15:12,0.175984,1.02288,0.842608,0.0,0.782704,0.05616,max,5.69
2026-01-14 11:15:14,0.749776,4.3584,2.699984,0.29136,2.461392,0.23808,max,5.681
2026-01-14 11:15:16,1.404256,4.7808,3.211104,0.15792,2.591072,0.5328,max,5.672
2026-01-14 11:15:18,1.994,3.03552,2.43944,1.2672,2.860304,0.456,max,5.07
2026-01-14 11:15:20,2.205296,2.25264,2.400368,1.62,2.711008,0.48048,max,3.637
2026-01-14 11:15:22,1.868576,0.3768,1.35184,1.50912,1.760592,0.35856,camera,4.774
2026-01-14 11:15:22,1.868576,0.3768,1.35184,1.50912,1.760592,0.35856,max,5.685
2026-01-14 11:15:24,1.516176,1.50384,1.879184,0.93072,2.048656,0.35856,camera,4.666
2026-01-14 11:15:24,1.516176,1.50384,1.879184,0.93072,2.048656,0.35856,max,5.698
2026-01-14 11:15:26,4.005888,4.0176,3.48428,2.2464,4.168312,0.74544,max,5.533
2026-01-14 11:15:27,1.017744,3.74064,2.692376,0.0,2.1814,0.50688,camera,5.04
2026-01-14 11:15:28,0.969544,4.52832,2.959176,0.0,2.671944,0.41472,max,5.388
2026-01-14 11:15:30,1.868856,0.35616,1.173848,1.1664,1.674272,0.42048,max,5.725
2026-01-14 11:15:31,1.473584,4.09344,2.768768,0.27072,2.669536,0.35664,camera,5.102
2026-01-14 11:15:34,0.448872,1.08912,0.84516,0.09024,1.002856,0.156,max,5.558
2026-01-14 11:15:35,1.807944,3.2472,2.578504,0.64512,2.393672,0.56496,camera,4.935
2026-01-14 11:15:36,1.373592,2.68752,1.845656,0.8664,2.095512,0.2088,max,5.574
2026-01-14 11:15:37,1.187672,2.19744,2.008408,0.31728,1.79132,0.39936,camera,5.167
2026-01-14 11:15:38,1.374728,2.74416,1.8514,0.91008,2.433032,0.23568,max,5.635
2026-01-14 11:15:42,4.749504,3.79248,4.828864,1.87584,5.43432,1.14528,max,5.539
2026-01-14 11:15:44,4.351232,5.33088,4.519624,3.04176,5.283016,1.14672,max,5.7
2026-01-14 11:15:46,4.325088,5.20368,4.337888,3.36096,5.110496,1.13328,camera,5.351
2026-01-14 11:15:46,4.325088,5.20368,4.337888,3.36096,5.110496,1.13328,max,5.695
2026-01-14 11:15:48,4.340728,5.31216,4.348408,3.02208,5.128184,1.13424,camera,5.098
2026-01-14 11:15:48,4.340728,5.31216,4.348408,3.02208,5.128184,1.13424,max,5.724
2026-01-14 11:15:50,4.001384,4.40784,4.005992,3.03312,4.60196,1.13232,max,5.671
2026-01-14 11:15:52,0.568632,0.0,0.211032,0.39168,0.45372,0.10512,camera,5.343
2026-01-14 11:15:52,0.568632,0.0,0.211032,0.39168,0.45372,0.10512,max,5.644
2026-01-14 11:15:54,2.148408,2.20512,2.320392,1.02144,2.4274,0.76224,max,5.666
2026-01-14 11:15:58,2.382352,2.8968,2.789904,1.52736,3.056656,0.63072,max,5.631
2026-01-14 11:15:59,0.669224,1.596,1.304616,0.21552,1.270312,0.2112,camera,4.777
2026-01-14 11:16:00,1.15312,4.69872,3.132,0.0,2.58416,0.5136,camera,5.086
2026-01-14 11:16:00,1.15312,4.69872,3.132,0.0,2.58416,0.5136,max,5.648
2026-01-14 11:16:02,1.7696,1.84896,1.600128,1.15248,2.319488,0.28128,max,5.707
2026-01-14 11:16:03,0.905296,3.24672,2.0916,0.38064,2.095696,0.23616,camera,4.847
2026-01-14 11:16:04,1.23668,4.2744,3.025704,0.19488,2.750248,0.44064,max,3.242
2026-01-14 11:16:06,0.325944,3.96192,2.138328,0.0,2.006744,0.12336,max,5.445
2026-01-14 11:16:07,0.594728,3.88896,2.472856,0.0,2.337688,0.26832,camera,4.78
2026-01-14 11:16:08,0.411912,4.06944,2.531784,0.0,2.253992,0.15504,max,5.434
2026-01-14 11:16:10,0.446984,3.06624,1.926544,0.0,1.984048,0.18384,camera,4.941
2026-01-14 11:16:10,0.446984,3.06624,1.926544,0.0,1.984048,0.18384,max,5.567
2026-01-14 11:16:11,0.934496,4.7664,3.08608,0.0,2.459872,0.36144,camera,2.145
2026-01-14 11:16:12,0.748072,3.98976,2.784792,0.0,2.434056,0.31728,max,5.545
2026-01-14 11:16:14,0.62864,4.2528,2.385384,0.0,2.12364,0.2448,max,5.621
2026-01-14 11:16:15,1.023688,4.39776,2.815984,0.17184,2.631552,0.3456,camera,5.064
2026-01-14 11:16:16,1.49752,4.5336,3.116464,0.2184,2.69008,0.57792,camera,4.937
2026-01-14 11:16:16,1.49752,4.5336,3.116464,0.2184,2.69008,0.57792,max,5.644
2026-01-14 11:16:18,0.538936,3.84384,2.550072,0.0,2.298168,0.23616,max,1.395
2026-01-14 11:16:19,1.297032,3.08256,2.221704,0.41424,2.259256,0.31104,camera,5.081
2026-01-14 11:16:20,0.811488,2.18976,1.48528,0.1656,1.400624,0.27216,max,5.614
2026-01-14 11:16:22,0.797368,4.3968,2.749112,0.0,2.350264,0.34512,camera,4.971
2026-01-14 11:16:22,0.797368,4.3968,2.749112,0.0,2.350264,0.34512,max,5.475
2026-01-14 11:16:23,1.49832,2.01216,1.995128,0.63264,1.894776,0.42816,camera,5.248
2026-01-14 11:16:24,1.684824,1.98048,1.72408,0.97584,2.1516,0.372,max,5.574
2026-01-14 11:16:25,1.24012,0.7872,1.18892,0.54624,1.20172,0.29808,camera,4.973
2026-01-14 11:16:26,0.710864,3.37056,2.224336,0.0,1.908944,0.32064,max,5.485
2026-01-14 11:16:30,0.980872,4.85568,3.120008,0.0,2.485128,0.4032,max,4.426
2026-01-14 11:16:31,0.673496,3.96192,2.490056,0.0,2.19156,0.27984,camera,5.111
2026-01-14 11:16:32,1.144712,4.5168,2.973592,0.16848,2.723736,0.44208,max,5.533
2026-01-14 11:16:33,0.593936,4.1808,2.53544,0.0,2.281488,0.19872,camera,5.269
2026-01-14 11:16:34,1.455048,2.71152,2.28244,0.83904,2.459592,0.32016,max,5.533
2026-01-14 11:16:36,2.150576,0.79776,1.684656,1.91712,2.364592,0.43152,camera,5.197
2026-01-14 11:16:36,2.150576,0.79776,1.684656,1.91712,2.364592,0.43152,max,5.627
2026-01-14 11:16:37,0.638832,3.97536,2.451824,0.0,2.166128,0.26784,camera,4.834
2026-01-14 11:16:38,0.945672,4.54224,2.928824,0.0,2.475928,0.42624,max,5.563
2026-01-14 11:16:40,1.065832,3.5736,2.329224,0.41616,2.3794,0.26016,camera,4.52
2026-01-14 11:16:40,1.065832,3.5736,2.329224,0.41616,2.3794,0.26016,max,4.994
2026-01-14 11:16:42,1.688328,2.05392,2.299656,1.00176,2.249816,0.35088,max,5.569
2026-01-14 11:16:44,0.642784,2.05632,1.630432,0.0,1.479992,0.15696,camera,5.157
2026-01-14 11:16:44,0.642784,2.05632,1.630432,0.0,1.479992,0.15696,max,5.562
2026-01-14 11:16:46,0.77632,4.17648,2.781312,0.0,2.508512,0.2856,max,5.645
2026-01-14 11:16:48,0.57532,4.0752,2.725496,0.0,2.47308,0.23088,max,5.546
2026-01-14 11:16:49,0.60324,4.52832,2.527848,0.0,2.24164,0.23952,camera,4.714
2026-01-14 11:16:50,2.110864,3.01296,3.100048,1.46304,3.38064,0.40608,max,5.545
2026-01-14 11:16:52,0.245352,1.03968,0.739432,0.0,0.613976,0.09072,max,5.556
2026-01-14 11:16:53,1.056792,4.27344,3.06588,0.0,2.532888,0.49872,camera,5.036
2026-01-14 11:16:54,0.7618,4.33152,2.53844,0.0,2.233288,0.30048,camera,4.783
2026-01-14 11:16:54,0.7618,4.33152,2.53844,0.0,2.233288,0.30048,max,2.489
2026-01-14 11:16:56,0.619,3.88416,2.630136,0.0,2.355704,0.25776,camera,4.75
2026-01-14 11:16:56,0.619,3.88416,2.630136,0.0,2.355704,0.25776,max,5.551
2026-01-14 11:16:57,0.645128,4.23552,2.426888,0.0,2.16372,0.24624,camera,4.922
2026-01-14 11:16:58,0.547552,4.47456,2.68976,0.0,2.445536,0.22896,max,5.528
2026-01-14 11:17:00,1.19632,4.16208,2.81936,0.31392,2.720032,0.4728,max,3.873
2026-01-14 11:17:02,1.835024,2.39712,2.000912,1.3272,2.672144,0.32352,camera,4.651
2026-01-14 11:17:02,1.835024,2.39712,2.000912,1.3272,2.672144,0.32352,max,5.62
2026-01-14 11:17:04,0.554464,4.17792,2.33856,0.0,2.104064,0.21984,max,5.612
2026-01-14 11:17:07,1.602152,2.31552,1.873,1.10016,2.332776,0.35472,camera,4.543
2026-01-14 11:17:08,0.61764,3.87648,2.321064,0.084,2.1178,0.20832,max,5.474
2026-01-14 11:17:10,2.120952,3.75168,3.413752,1.07184,3.460344,0.44208,max,3.608
2026-01-14 11:17:12,1.665,3.60192,2.660328,0.47808,2.782184,0.31296,camera,4.684
2026-01-14 11:17:12,1.665,3.60192,2.660328,0.47808,2.782184,0.31296,max,5.558
2026-01-14 11:17:14,0.065136,0.0,0.065136,0.0,0.064608,0.01728,camera,4.778
2026-01-14 11:17:14,0.065136,0.0,0.065136,0.0,0.064608,0.01728,max,5.422
2026-01-14 11:17:16,0.85844,3.79824,2.50964,0.32112,2.32728,0.34944,camera,5.186
2026-01-14 11:17:16,0.85844,3.79824,2.50964,0.32112,2.32728,0.34944,max,5.571
2026-01-14 11:17:18,1.963296,3.71472,2.74,0.67776,2.783328,0.39264,max,5.495
2026-01-14 11:17:19,0.888384,1.26624,0.855104,0.3864,1.20856,0.03024,camera,5.158
2026-01-14 11:17:20,0.195048,0.0,0.17668,0.03072,0.195848,0.01392,max,5.535
2026-01-14 11:17:24,0.654488,2.964,2.05788,0.0,1.826456,0.21696,camera,4.949
2026-01-14 11:17:24,0.654488,2.964,2.05788,0.0,1.826456,0.21696,max,4.976
2026-01-14 11:17:25,1.879824,2.32128,2.618128,0.43248,2.442512,0.62304,camera,5.269
2026-01-14 11:17:26,0.804232,0.1968,0.691592,0.40752,0.80372,0.12912,camera,4.676
2026-01-14 11:17:26,0.804232,0.1968,0.691592,0.40752,0.80372,0.12912,max,2.188
2026-01-14 11:17:27,1.80176,2.06448,2.190368,0.99696,2.37784,0.45792,camera,1.845
2026-01-14 11:17:28,0.973576,1.33968,1.050376,0.53856,1.337016,0.17856,max,4.507
2026-01-14 11:17:30,1.12492,1.3608,1.433656,0.69168,1.5294,0.24288,max,5.481
2026-01-14 11:17:31,0.552376,1.91952,1.376184,0.0,1.330616,0.2256,camera,5.189
2026-01-14 11:17:32,0.80136,4.28544,2.778192,0.0,2.4332,0.32592,max,5.538
2026-01-14 11:17:34,0.84384,4.29072,2.623568,0.0,2.244688,0.32928,max,5.582
2026-01-14 11:17:36,0.693512,3.9456,2.50804,0.0,2.21484,0.27168,camera,4.546
2026-01-14 11:17:36,0.693512,3.9456,2.50804,0.0,2.21484,0.27168,max,5.59
2026-01-14 11:17:40,0.46808,3.80352,2.281072,0.0,2.07488,0.20256,max,5.4
2026-01-14 11:17:42,2.297264,0.48864,1.798176,2.04288,2.358816,0.41328,camera,5.329
2026-01-14 11:17:42,2.297264,0.48864,1.798176,2.04288,2.358816,0.41328,max,5.485
2026-01-14 11:17:43,0.498112,2.06544,1.488832,0.0,1.328576,0.15024,camera,4.73
2026-01-14 11:17:44,0.77884,3.97728,2.59428,0.0,2.237928,0.33408,max,5.381
2026-01-14 11:17:47,1.478856,1.14384,1.620632,0.56592,1.571992,0.37824,camera,5.161
2026-01-14 11:17:48,0.48792,3.4704,2.137072,0.0,1.998832,0.2112,max,1.652
2026-01-14 11:17:49,0.908976,4.0896,2.636976,0.36864,2.515632,0.26448,camera,7.163
2026-01-14 11:17:50,1.92896,1.89408,2.339072,1.48272,2.636032,0.36528,camera,4.72
2026-01-14 11:17:50,1.92896,1.89408,2.339072,1.48272,2.636032,0.36528,max,5.569
2026-01-14 11:17:52,0.602424,1.22784,1.020904,0.07056,0.753128,0.31392,max,1.65
2026-01-14 11:17:55,0.64388,4.40544,2.469384,0.16944,2.415112,0.20592,camera,38.648
2026-01-14 11:17:56,0.735736,3.98208,2.483992,0.0,2.200856,0.27984,max,4.716
2026-01-14 11:17:58,1.980392,3.14352,2.698664,1.2,2.99716,0.38592,max,5.446
2026-01-14 11:18:00,1.225632,3.51216,2.375072,0.38592,2.468256,0.41088,camera,5.296
2026-01-14 11:18:00,1.225632,3.51216,2.375072,0.38592,2.468256,0.41088,max,4.279
2026-01-14 11:18:04,0.900408,4.22304,2.718536,0.0,2.45668,0.43008,max,5.321
2026-01-14 11:18:05,0.72924,4.29792,2.6994,0.0,2.198888,0.27696,camera,4.627
2026-01-14 11:18:06,0.73648,4.2912,2.714848,0.0,2.404576,0.29088,max,5.432
2026-01-14 11:18:07,1.024672,2.05488,1.683104,0.50928,1.811104,0.21264,camera,4.596
2026-01-14 11:18:08,0.88632,1.66944,1.40856,0.49968,1.54168,0.23568,max,2.954
2026-01-14 11:18:11,0.885872,4.46208,2.865776,0.0,2.268272,0.40512,camera,4.339
2026-01-14 11:18:12,0.578072,4.1664,2.55644,0.0,2.308632,0.23232,max,5.399
2026-01-14 11:18:14,1.14016,2.78016,2.132416,0.46704,2.137536,0.32928,max,5.513
2026-01-14 11:18:18,0.885504,3.93696,2.898112,0.0,2.578568,0.30048,max,3.643
2026-01-14 11:18:19,2.294248,5.77008,3.149864,1.09056,3.881568,0.17568,camera,4.062
2026-01-14 11:18:20,4.000936,7.32672,4.236456,2.36256,5.766824,0.1992,max,5.526
2026-01-14 11:18:22,2.586936,4.53264,2.613224,1.59024,3.927528,0.00384,max,5.46
2026-01-14 11:18:25,4.176048,7.0368,4.18072,2.41872,5.98296,0.1392,camera,4.739
2026-01-14 11:18:26,3.877192,6.9,3.948872,2.42784,5.508424,0.17232,max,5.41
2026-01-14 11:18:28,3.525768,6.66144,3.597976,2.20608,5.830296,0.0,max,2.115
2026-01-14 11:18:30,2.771928,4.63056,2.910392,1.46256,3.965624,0.16944,camera,4.604
2026-01-14 11:18:30,2.771928,4.63056,2.910392,1.46256,3.965624,0.16944,max,0.538
2026-01-14 11:18:30,2.771928,4.63056,2.910392,1.46256,3.965624,0.16944,dht11,5.058
2026-01-14 11:18:34,2.311232,3.8064,2.278464,1.13808,3.174976,0.1416,camera,4.964
2026-01-14 11:18:34,2.311232,3.8064,2.278464,1.13808,3.174976,0.1416,max,4.133
2026-01-14 11:18:35,4.109448,7.49088,4.120712,2.37984,5.993608,0.08688,dht11,5.491
2026-01-14 11:18:36,3.265784,6.40032,3.477752,2.07984,5.249872,0.0264,max,0.499
2026-01-14 11:18:38,3.513928,6.61392,3.985832,2.52912,5.731704,0.08208,max,5.405
2026-01-14 11:18:39,3.73592,4.89984,3.052104,2.20752,4.378232,0.22464,camera,4.977
2026-01-14 11:18:40,3.9574,6.2904,4.159424,2.41824,5.848512,0.21936,max,5.448
2026-01-14 11:18:40,3.9574,6.2904,4.159424,2.41824,5.848512,0.21936,dht11,2.708
2026-01-14 11:18:42,3.774816,7.21728,3.637088,2.22192,5.065056,0.168,max,3.147
2026-01-14 11:18:44,3.714272,7.09872,3.714272,2.42016,6.024928,0.0,camera,3.539
2026-01-14 11:18:44,3.714272,7.09872,3.714272,2.42016,6.024928,0.0,max,5.038
2026-01-14 11:18:45,2.982408,6.26544,3.515912,1.67712,4.470792,0.0048,camera,4.451
2026-01-14 11:18:45,2.982408,6.26544,3.515912,1.67712,4.470792,0.0048,dht11,5.238
2026-01-14 11:18:46,2.749096,3.77472,2.619048,1.3656,3.948712,0.30384,max,5.468
2026-01-14 11:18:48,2.700944,4.8504,2.830992,1.94304,3.872912,0.16512,max,0.158
2026-01-14 11:18:52,3.455424,6.90912,3.72744,2.00112,5.074,0.0,max,7.16
2026-01-14 11:18:53,3.7054,6.77376,3.711912,2.34672,5.631912,0.0,camera,5.284
2026-01-14 11:18:54,4.109608,4.64976,3.597608,2.3544,5.04964,0.3024,max,2.443
2026-01-14 11:18:55,3.75944,6.73056,4.005712,2.32848,5.472464,0.22464,dht11,5.405
2026-01-14 11:18:56,1.730584,5.12688,2.824728,0.87984,3.351192,0.1752,max,5.461
2026-01-14 11:18:59,3.603712,6.50112,3.988032,2.44224,5.914176,0.0,camera,5.248
2026-01-14 11:19:00,4.194496,7.37952,3.88032,2.02992,5.673856,0.0,dht11,2.861
2026-01-14 11:19:01,3.668032,7.06752,3.855424,2.27472,5.6464,0.0,camera,5.044
2026-01-14 11:19:02,2.963736,4.32576,2.963736,1.45056,4.520216,0.11136,max,5.439
2026-01-14 11:19:04,3.562256,5.56416,3.537168,1.87296,4.967184,0.13296,camera,4.82
2026-01-14 11:19:05,3.662736,6.26976,3.693968,2.0328,5.01544,0.24288,dht11,5.51
2026-01-14 11:19:09,2.811792,6.13152,3.276688,1.67952,4.620176,0.00288,camera,7.183
2026-01-14 11:19:10,2.114848,3.91776,2.714912,0.79344,2.913568,0.5184,max,10.869
2026-01-14 11:19:10,2.114848,3.91776,2.714912,0.79344,2.913568,0.5184,dht11,0.777
2026-01-14 11:19:12,2.763312,6.2448,3.389488,1.6032,4.74168,0.0,camera,13.566
2026-01-14 11:19:13,3.625752,6.67392,3.822872,2.4816,5.602584,0.0,camera,15.136
2026-01-14 11:19:15,3.502128,6.9648,3.613744,2.08272,5.316656,0.0,dht11,20.057
2026-01-14 11:19:17,4.052816,7.4208,4.622672,2.38656,5.977936,0.48672,camera,21.538
2026-01-14 11:19:18,2.654608,4.46928,2.456976,1.26576,3.562496,0.12432,camera,22.872
2026-01-14 11:19:18,2.654608,4.46928,2.456976,1.26576,3.562496,0.12432,max,23.719
2026-01-14 11:19:19,4.072232,7.43424,4.132136,2.37312,5.738168,0.11232,camera,23.936
2026-01-14 11:19:20,4.163032,7.36896,4.165592,2.57952,6.044616,0.10032,dht11,24.632
2026-01-14 11:19:23,3.969256,7.20384,4.016872,2.54112,6.193032,0.0,camera,25.253
2026-01-14 11:19:24,3.799464,6.61248,4.235224,2.3112,5.870392,0.0,camera,25.457
2026-01-14 11:19:25,3.672736,6.04704,3.386352,2.08992,4.7836,0.10608,dht11,21.854
2026-01-14 11:19:26,4.364128,5.148,3.906016,2.8056,5.40464,0.36768,max,26.654
2026-01-14 11:19:29,3.734928,6.36912,4.156816,1.90848,5.66632,0.17472,camera,16.465
2026-01-14 11:19:30,3.093224,5.38224,3.12292,2.05728,4.281448,0.13824,max,17.009
2026-01-14 11:19:30,3.093224,5.38224,3.12292,2.05728,4.281448,0.13824,dht11,27.82
2026-01-14 11:19:33,2.642072,6.53136,3.332248,1.15632,4.277912,0.14832,camera,27.629
2026-01-14 11:19:34,4.485576,4.64448,3.849672,2.60592,5.36212,0.43824,max,27.671
2026-01-14 11:19:35,3.81116,6.8856,3.849656,2.19936,5.95244,0.17664,camera,28.203
2026-01-14 11:19:35,3.81116,6.8856,3.849656,2.19936,5.95244,0.17664,dht11,28.831
2026-01-14 11:19:38,2.673912,5.38176,3.186424,1.52016,4.575992,0.024,max,29.499
2026-01-14 11:19:40,2.80224,5.22912,3.070016,1.4304,4.512832,0.16896,camera,28.436
2026-01-14 11:19:40,2.80224,5.22912,3.070016,1.4304,4.512832,0.16896,dht11,30.035
2026-01-14 11:19:42,3.753504,5.99136,3.759248,2.65056,5.497488,0.08976,camera,19.113
2026-01-14 11:19:42,3.753504,5.99136,3.759248,2.65056,5.497488,0.08976,max,30.345
2026-01-14 11:19:45,4.074576,7.37328,4.150392,2.2368,6.119032,0.0,dht11,30.999
2026-01-14 11:19:47,2.622512,6.096,3.20212,1.3992,4.880456,0.0,camera,29.666
2026-01-14 11:19:50,3.7564,6.86736,4.00216,2.55696,5.976432,0.0,max,31.593
2026-01-14 11:19:50,3.7564,6.86736,4.00216,2.55696,5.976432,0.0,dht11,31.71
2026-01-14 11:19:51,2.492352,4.67664,2.382272,1.42512,3.871456,0.08496,camera,31.408
2026-01-14 11:19:55,3.758344,6.86544,3.77012,2.0184,5.415176,0.14544,camera,32.275
2026-01-14 11:19:55,3.758344,6.86544,3.77012,2.0184,5.415176,0.14544,dht11,29.612
2026-01-14 11:19:58,0.593472,3.92688,2.135712,0.26256,2.419872,0.0,max,31.799
2026-01-14 11:20:00,3.712032,7.0224,3.953296,3.09072,5.622416,0.06144,camera,32.559
2026-01-14 11:20:00,3.712032,7.0224,3.953296,3.09072,5.622416,0.06144,dht11,33.574
2026-01-14 11:20:04,3.993168,7.09008,4.012736,3.39936,5.965504,0.00816,camera,33.563
2026-01-14 11:20:05,3.446992,6.59808,3.831792,2.99952,5.644256,0.0,dht11,34.406
2026-01-14 11:20:06,3.274064,6.70368,3.379648,2.06256,4.86856,0.0,max,34.459
2026-01-14 11:20:09,3.71644,5.7768,3.528024,2.868,5.345112,0.04464,camera,34.046
2026-01-14 11:20:14,4.098184,6.99552,4.200904,2.90688,6.08348,0.0,camera,30.469
2026-01-14 11:20:14,4.098184,6.99552,4.200904,2.90688,6.08348,0.0,max,28.172
2026-01-14 11:20:15,3.4012,5.05824,3.337392,2.46864,4.883632,0.18384,camera,29.935
2026-01-14 11:20:16,4.474152,5.82096,4.415784,2.43936,5.20068,0.69312,dht11,29.555
2026-01-14 11:20:18,2.766008,4.332,2.684744,1.48464,3.658568,0.11088,max,26.224
2026-01-14 11:20:21,3.618152,7.08432,3.667816,2.316,5.435752,0.0,dht11,23.238
2026-01-14 11:20:22,2.440472,4.45344,3.382552,1.77648,3.930904,0.45744,camera,21.662
2026-01-14 11:20:22,2.440472,4.45344,3.382552,1.77648,3.930904,0.45744,max,16.784
2026-01-14 11:20:26,3.925912,7.22976,4.026776,2.4456,5.41276,0.0,dht11,18.628
2026-01-14 11:20:26,3.925912,7.22976,4.026776,2.4456,5.41276,0.0,camera,18.189
2026-01-14 11:20:26,3.925912,7.22976,4.026776,2.4456,5.41276,0.0,max,18.333
2026-01-14 11:20:30,4.879968,0.55344,3.624312,2.5872,4.473832,0.89424,camera,15.128
2026-01-14 11:20:37,0.707096,1.94016,2.668056,0.0,2.139328,0.47472,max,7115.378
2026-01-14 11:20:37,0.707096,1.94016,2.668056,0.0,2.139328,0.47472,camera,4767.189
2026-01-14 11:20:41,1.776416,1.95264,3.343728,0.4224,2.426752,1.02912,dht11,5357.553
2026-01-14 11:20:44,1.419072,1.68768,3.081536,0.0,2.08416,0.93504,dht11,3767.544
2026-01-14 11:20:53,0.454816,0.0,0.454816,0.0,0.128672,0.30624,camera,5647.526
2026-01-14 11:20:55,2.632032,1.72176,3.186816,2.85696,3.004688,1.11216,dht11,4207.53
2026-01-14 11:20:56,1.019488,2.00688,2.793056,0.21888,2.39048,0.5376,camera,3289.527
2026-01-14 11:21:03,5.792064,1.96608,5.628416,3.70656,5.965408,0.95856,max,1191.194
2026-01-14 11:21:11,1.404344,1.632,3.027896,0.0,1.89228,1.06176,dht11,5702.944
2026-01-14 11:21:35,1.21856,1.1544,2.375384,0.0,1.280728,1.0248,dht11,8790.211
2026-01-14 11:21:42,1.362288,0.876,2.352464,0.0,1.125712,1.15056,max,7787.916
2026-01-14 11:21:48,1.683304,1.33872,2.940448,0.3696,2.00088,1.13856,dht11,7385.084
2026-01-14 11:22:00,1.290552,0.66816,1.79228,0.32496,0.961304,0.9528,dht11,9379.754
2026-01-14 11:22:11,1.497248,2.0256,3.656864,0.0,2.432048,1.1472,camera,5682.951
2026-01-14 11:22:17,1.38128,1.3632,2.852992,0.0,1.658608,1.12368,dht11,6248.57
2026-01-14 11:22:24,1.470256,1.16352,2.686256,0.0,1.4892,1.12464,max,6433.965
2026-01-14 11:22:24,1.36232,1.94016,3.340176,0.0,2.136464,1.1304,max,6433.965
2026-01-14 11:23:05,1.356632,1.15536,2.604488,0.0,1.413576,1.11456,dht11,3924.074
2026-01-14 11:23:09,1.376384,1.93824,3.347872,0.0,2.115776,1.15632,max,7281.741
2026-01-14 11:23:18,1.319752,1.30464,2.64112,0.0,1.414992,1.14864,max,4296.857
2026-01-14 11:23:26,1.434448,1.776,3.246416,0.0,2.155344,1.12944,max,7743.806
2026-01-14 11:23:28,1.55216,1.95696,3.343696,0.25344,2.314112,1.03632,max,6097.67
2026-01-14 11:23:39,1.407496,1.39488,2.837912,0.0,1.718504,1.11696,max,4876.354
2026-01-14 11:23:47,1.581576,0.35952,1.991176,0.0,0.786856,1.12992,max,4984.66
2026-01-14 11:24:01,1.359584,1.7208,3.06608,0.0,1.91664,1.07856,camera,6636.273
2026-01-14 11:24:02,1.163008,1.75776,2.98304,0.0,2.109904,0.82032,dht11,5865.454
2026-01-14 11:24:47,1.384128,0.87792,2.461888,0.0,1.221824,1.16448,camera,5192.638
2026-01-14 11:25:06,1.862456,1.53504,3.15884,1.64208,2.613272,1.1304,dht11,8782.648
2026-01-14 11:25:08,1.01272,1.66992,2.68184,0.0,2.006112,0.81552,max,6341.821
2026-01-14 11:25:12,1.321752,0.70992,2.08372,0.0,0.6834,1.1424,dht11,5216.278
2026-01-14 11:25:18,1.336304,1.1376,2.493376,0.0,1.454528,1.13856,camera,7878.106
2026-01-14 11:25:21,1.501448,0.34656,1.518856,0.24816,0.31164,1.13424,camera,10481.883
2026-01-14 11:25:29,1.637192,1.93296,3.618072,0.0,2.424024,1.12512,dht11,2157.709
2026-01-14 11:25:36,1.5036,1.78512,3.329528,0.0,2.286208,1.15008,camera,3763.691
2026-01-14 11:25:46,1.374536,1.80912,3.366216,0.0,2.172008,1.1184,max,3577.271
2026-01-14 11:26:02,1.328296,1.63872,3.100232,0.0,1.994824,1.07424,max,4041.062
2026-01-14 11:26:03,1.817216,1.97808,3.121904,1.272,2.7672,1.03296,camera,2411.199
2026-01-14 11:26:23,1.444896,1.70352,3.333152,0.0,2.137632,1.1256,dht11,5640.268
2026-01-14 11:26:44,1.5206,0.7248,2.127344,0.32496,1.117392,1.12752,camera,7530.149
2026-01-14 11:26:44,1.5206,0.7248,2.127344,0.32496,1.117392,1.12752,max,6475.157
2026-01-14 11:26:45,1.258744,1.81632,3.03496,0.0,2.061424,0.89808,camera,6145.101
2026-01-14 11:26:46,0.540024,1.7736,2.52852,0.0,2.110728,0.40608,camera,4125.079
2026-01-14 11:26:51,1.231296,1.7712,3.066592,0.0,2.003408,1.00704,dht11,3993.099
2026-01-14 11:27:07,1.256376,0.18048,1.301832,0.0,0.094536,1.1328,max,5307.412
2026-01-14 11:27:10,1.61948,1.78512,3.439128,0.0,2.21308,1.1328,max,3951.359
2026-01-14 11:27:12,1.720016,1.93056,3.513328,0.0,2.301712,1.13232,camera,4795.647
2026-01-14 11:27:15,1.730448,1.74768,3.52808,0.0,2.31208,1.13808,max,4924.745
2026-01-14 11:27:24,1.605104,1.73808,3.396304,0.0,2.190032,1.128,max,6062.282
2026-01-14 11:27:28,1.328832,1.70928,3.058368,0.0,1.692864,1.11552,max,5527.05
2026-01-14 11:27:29,1.409416,1.76208,3.221496,0.0,2.10596,1.04736,dht11,3939.423
2026-01-14 11:27:40,8.734888,4.6824,8.540152,6.1656,9.606472,1.28256,dht11,878.176
2026-01-14 11:27:40,8.734888,4.6824,8.540152,6.1656,9.606472,1.28256,dht11,2902.435
2026-01-14 11:27:46,2.675096,3.71232,3.31868,3.15696,3.578264,0.97968,camera,1110.999
2026-01-14 11:27:46,2.675096,3.71232,3.31868,3.15696,3.578264,0.97968,dht11,1078.588
2026-01-14 11:27:48,2.9526,3.70944,3.429272,3.80736,3.706264,0.95376,dht11,844.075
2026-01-14 11:27:54,2.275048,3.71232,3.090776,2.66736,3.449688,0.78864,dht11,944.196
2026-01-14 11:27:56,3.038176,3.70656,3.023328,4.94784,4.131296,0.46224,dht11,1301.795
2026-01-14 11:28:02,2.998504,3.70944,3.131208,4.36128,4.203848,0.67824,dht11,1139.478
2026-01-14 11:28:03,2.812056,3.70944,3.810664,3.32208,3.950888,1.13136,camera,569.796
2026-01-14 11:28:04,2.823808,3.70944,2.956272,3.71328,4.508208,0.12672,dht11,1072.387
2026-01-14 11:28:08,2.908256,3.70752,3.049608,4.17744,4.072584,0.76848,dht11,709.398
2026-01-14 11:28:12,2.423664,3.39936,3.236208,2.51712,3.402048,1.13328,dht11,938.673
2026-01-14 11:28:15,3.198392,3.71232,3.184568,4.74912,4.090184,0.65808,camera,1104.286
2026-01-14 11:28:16,2.496632,3.72096,2.496632,4.4496,4.862392,0.0,dht11,1655.762
2026-01-14 11:28:18,2.420416,3.70656,2.463152,4.44768,4.43896,0.0,camera,1557.091
2026-01-14 11:28:18,2.420416,3.70656,2.463152,4.44768,4.43896,0.0,max,254.594
2026-01-14 11:28:24,2.48724,3.70368,2.48724,4.4496,4.10884,0.0,dht11,1520.815
2026-01-14 11:28:27,2.555168,4.05072,2.541856,4.08816,4.063072,0.08736,dht11,1942.708
2026-01-14 11:28:38,3.055688,0.0,1.041608,4.02528,3.261608,0.00048,max,15.768
2026-01-14 11:28:40,3.151736,3.13344,4.458872,0.35184,3.781768,0.66096,dht11,15.947
2026-01-14 11:28:40,3.151736,3.13344,4.458872,0.35184,3.781768,0.66096,camera,15.087
2026-01-14 11:28:43,2.93536,2.72016,4.066544,0.2064,3.045504,1.16928,camera,15.319
2026-01-14 11:28:44,2.085664,2.07696,2.614816,0.45024,2.542624,0.47616,dht11,16.227
2026-01-14 11:28:44,2.085664,2.07696,2.614816,0.45024,2.542624,0.47616,camera,15.613
2026-01-14 11:28:45,2.754032,1.8312,2.708208,1.58064,3.331312,0.63744,camera,11.934
2026-01-14 11:28:46,1.433808,1.44192,2.07944,0.04992,1.20648,0.65904,dht11,16.412
2026-01-14 11:28:46,1.433808,1.44192,2.07944,0.04992,1.20648,0.65904,camera,16.089
2026-01-14 11:28:46,1.433808,1.44192,2.07944,0.04992,1.20648,0.65904,max,16.414
2026-01-14 11:28:48,3.311512,3.26496,4.031384,1.00416,4.011864,0.99216,dht11,15.922
2026-01-14 11:28:50,1.162344,0.56784,1.203816,0.30336,1.062056,0.22992,dht11,4.016
2026-01-14 11:28:50,1.162344,0.56784,1.203816,0.30336,1.062056,0.22992,max,11.969
2026-01-14 11:28:52,3.742984,1.25424,3.872296,2.22192,4.004936,1.16304,dht11,16.787
2026-01-14 11:28:53,3.119216,1.27584,2.875016,1.68048,2.680936,1.11504,camera,2.023
2026-01-14 11:28:54,3.141832,1.36992,3.296144,2.63136,3.331472,0.91536,dht11,16.946
2026-01-14 11:28:54,3.141832,1.36992,3.296144,2.63136,3.331472,0.91536,max,13.191
2026-01-14 11:28:56,0.678496,1.29552,1.215072,0.00096,0.801888,0.37152,dht11,11.475
2026-01-14 11:28:58,3.37772,1.23744,3.462376,1.4544,3.076216,1.12416,camera,16.795
2026-01-14 11:28:58,3.37772,1.23744,3.462376,1.4544,3.076216,1.12416,dht11,16.86
2026-01-14 11:28:58,3.37772,1.23744,3.462376,1.4544,3.076216,1.12416,max,16.995
2026-01-14 11:29:00,3.282032,1.04688,3.446896,1.46448,3.255352,1.16256,dht11,17.344
2026-01-14 11:29:00,3.282032,1.04688,3.446896,1.46448,3.255352,1.16256,max,17.347
2026-01-14 11:29:02,5.1246,2.09136,4.932184,2.80368,5.662808,1.16256,dht11,12.378
2026-01-14 11:29:02,5.1246,2.09136,4.932184,2.80368,5.662808,1.16256,max,17.464
2026-01-14 11:29:04,2.600264,1.07472,2.70372,1.6536,2.496264,0.8856,dht11,17.568
2026-01-14 11:29:04,2.600264,1.07472,2.70372,1.6536,2.496264,0.8856,max,17.232
2026-01-14 11:29:06,0.687616,1.05408,1.294848,0.32832,1.366016,0.15408,dht11,17.066
2026-01-14 11:29:06,0.687616,1.05408,1.294848,0.32832,1.366016,0.15408,max,17.644
2026-01-14 11:29:07,3.538768,1.87344,3.606864,2.27376,3.829072,0.97584,camera,17.259
2026-01-14 11:29:08,3.580064,1.28832,3.587744,3.2856,4.324,0.5808,dht11,17.813
2026-01-14 11:29:08,3.580064,1.28832,3.587744,3.2856,4.324,0.5808,max,12.58
2026-01-14 11:29:11,2.6312,1.29408,2.56232,1.46544,2.563856,0.91968,camera,7.41
2026-01-14 11:29:12,4.751912,2.09808,5.141992,4.55952,6.076392,1.00848,dht11,13.253
2026-01-14 11:29:12,4.751912,2.09808,5.141992,4.55952,6.076392,1.00848,max,15.023
2026-01-14 11:29:13,4.614184,2.19936,4.117608,4.7088,5.851752,0.57168,camera,12.843
2026-01-14 11:29:14,4.638016,2.4024,5.05888,3.10224,4.570432,1.06992,dht11,11.484
2026-01-14 11:29:14,4.638016,2.4024,5.05888,3.10224,4.570432,1.06992,max,11.394
2026-01-14 11:29:16,4.122664,3.61488,5.1994,1.81248,5.34276,1.08288,dht11,8.256
2026-01-14 11:29:16,4.122664,3.61488,5.1994,1.81248,5.34276,1.08288,max,8.2
2026-01-14 11:29:18,4.043624,2.53632,4.450152,2.29776,4.308552,1.08384,camera,4.195
2026-01-14 11:29:18,4.043624,2.53632,4.450152,2.29776,4.308552,1.08384,dht11,5.396
2026-01-14 11:29:18,4.043624,2.53632,4.450152,2.29776,4.308552,1.08384,max,5.438
2026-01-14 11:29:20,0.200496,0.0,0.021808,0.168,0.206128,0.0,max,2.942
2026-01-14 11:29:20,0.200496,0.0,0.021808,0.168,0.206128,0.0,dht11,1.767
2026-01-14 11:29:21,0.621624,0.00096,0.429112,0.20448,0.33388,0.29376,camera,13.078
2026-01-14 11:29:22,2.720112,0.7728,2.167664,1.40688,2.16408,1.12032,max,0.908
2026-01-14 11:29:22,2.720112,0.7728,2.167664,1.40688,2.16408,1.12032,dht11,0.846
2026-01-14 11:29:24,2.104304,1.17696,2.158576,1.07136,1.91384,0.9192,max,11.457
2026-01-14 11:29:24,2.104304,1.17696,2.158576,1.07136,1.91384,0.9192,dht11,1.179
2026-01-14 11:29:25,2.470464,1.07328,2.4208,2.40432,3.460672,0.3336,camera,1.899
2026-01-14 11:29:39,2.282416,0.0,0.467888,3.86016,2.282928,0.0,dht11,4398.613
2026-01-14 11:29:39,2.282416,0.0,0.467888,3.86016,2.282928,0.0,max,2589.114
2026-01-14 11:29:39,2.282416,0.0,0.467888,3.86016,2.282928,0.0,dht11,2381.246
2026-01-14 11:29:39,2.282416,0.0,0.467888,3.86016,2.282928,0.0,max,589.367
2026-01-14 11:29:39,2.282416,0.0,0.467888,3.86016,2.282928,0.0,dht11,357.22
2026-01-14 11:29:39,2.282416,0.0,0.467888,3.86016,2.282928,0.0,camera,9.933
2026-01-14 11:29:40,1.87604,0.0,0.031304,3.77472,2.043976,0.0,max,9.3
2026-01-14 11:29:40,1.87604,0.0,0.031304,3.77472,2.043976,0.0,dht11,9.399
2026-01-14 11:29:42,1.95408,0.0,0.106248,3.456,1.949448,0.0,max,10.056
2026-01-14 11:29:42,1.95408,0.0,0.106248,3.456,1.949448,0.0,dht11,9.965
2026-01-14 11:29:43,1.953744,0.0,0.12,3.44544,1.957568,0.0,camera,10.625
2026-01-14 11:29:44,2.175128,0.0,0.346264,3.44976,2.351256,0.0,max,10.264
2026-01-14 11:29:44,2.175128,0.0,0.346264,3.44976,2.351256,0.0,dht11,10.316
2026-01-14 11:29:46,2.985296,0.0,1.116768,2.04624,2.810576,0.0,max,10.607
2026-01-14 11:29:46,2.985296,0.0,1.116768,2.04624,2.810576,0.0,dht11,10.677
2026-01-14 11:29:47,2.705376,0.0,1.285088,1.3944,2.72984,0.0,camera,13.939
2026-01-14 11:29:48,1.479656,0.0,0.871912,0.57888,1.44996,0.0,max,10.94
2026-01-14 11:29:48,1.479656,0.0,0.871912,0.57888,1.44996,0.0,dht11,10.941
2026-01-14 11:29:50,1.558176,0.0,0.073888,1.4976,1.558688,0.0,camera,11.423
2026-01-14 11:29:50,1.558176,0.0,0.073888,1.4976,1.558688,0.0,max,11.177
2026-01-14 11:29:50,1.558176,0.0,0.073888,1.4976,1.558688,0.0,dht11,11.218
2026-01-14 11:29:52,1.220736,0.24528,0.643744,1.416,1.825656,0.0,camera,11.955
2026-01-14 11:29:52,1.220736,0.24528,0.643744,1.416,1.825656,0.0,max,15.55
2026-01-14 11:29:52,1.220736,0.24528,0.643744,1.416,1.825656,0.0,dht11,11.408
2026-01-14 11:29:53,1.641496,0.65568,1.457144,1.19904,1.997088,0.0,camera,11.743
2026-01-14 11:29:56,2.960664,0.97968,2.1686,3.11664,4.001768,0.0,max,11.775
2026-01-14 11:29:56,2.960664,0.97968,2.1686,3.11664,4.001768,0.0,dht11,16.26
2026-01-14 11:29:57,3.582176,1.18944,3.16652,2.90928,4.384056,0.42,camera,13.672
2026-01-14 11:29:58,2.315952,3.17904,3.291224,0.48192,2.789464,0.84384,max,11.836
2026-01-14 11:29:58,2.315952,3.17904,3.291224,0.48192,2.789464,0.84384,dht11,11.899
2026-01-14 11:30:00,2.214536,1.59744,2.692232,0.55392,2.075272,1.1136,max,11.946
2026-01-14 11:30:01,3.775344,2.46192,4.651888,2.43936,4.516328,1.09056,dht11,15.141
2026-01-14 11:30:03,2.432936,2.77152,3.220392,0.70128,3.248432,0.6072,dht11,11.992
2026-01-14 11:30:04,4.436752,1.93872,3.915648,3.15696,5.022592,0.67392,max,12.369
2026-01-14 11:30:05,2.270696,0.96,1.79852,1.50816,2.174888,0.62592,dht11,12.117
2026-01-14 11:30:05,2.270696,0.96,1.79852,1.50816,2.174888,0.62592,camera,22.917
2026-01-14 11:30:06,2.8724,3.12528,4.481104,0.22032,3.603488,1.06224,max,12.105
2026-01-14 11:30:07,2.989944,4.36368,4.344184,0.32736,3.625336,1.01232,dht11,12.105
2026-01-14 11:30:08,0.620504,1.0176,1.260504,0.0576,1.017816,0.2712,max,12.2
2026-01-14 11:30:09,3.9674,1.2024,3.752872,1.86576,4.136872,1.16928,dht11,12.105
2026-01-14 11:30:09,3.9674,1.2024,3.752872,1.86576,4.136872,1.16928,camera,12.457
2026-01-14 11:30:11,3.17012,1.14624,2.835272,1.60416,2.538312,1.12368,dht11,12.1
2026-01-14 11:30:12,1.517584,1.60992,1.683984,0.55344,1.852544,0.34752,camera,12.723
2026-01-14 11:30:12,1.517584,1.60992,1.683984,0.55344,1.852544,0.34752,max,12.27
2026-01-14 11:30:13,2.30416,1.26288,2.289824,1.25376,2.63992,0.50352,dht11,12.113
2026-01-14 11:30:14,1.60852,1.92288,2.433864,0.28128,1.855304,0.80688,max,12.109
2026-01-14 11:30:15,2.934224,3.39312,4.161488,0.7608,4.298192,0.65184,dht11,12.069
2026-01-14 11:30:16,2.729656,4.15488,4.455096,0.06048,3.44748,1.01136,camera,12.213
2026-01-14 11:30:16,2.729656,4.15488,4.455096,0.06048,3.44748,1.01136,max,11.586
2026-01-14 11:30:18,1.873624,2.08032,2.601072,0.0336,2.116208,0.71424,max,9.905
2026-01-14 11:30:19,2.573656,3.13776,3.928,0.06096,2.713024,0.9576,dht11,8.887
2026-01-14 11:30:19,2.573656,3.13776,3.928,0.06096,2.713024,0.9576,camera,9.28
2026-01-14 11:30:20,1.833704,3.01872,3.15876,0.0,2.433768,0.68592,camera,8.476
2026-01-14 11:30:20,1.833704,3.01872,3.15876,0.0,2.433768,0.68592,max,7.714
2026-01-14 11:30:21,2.342616,3.12288,3.594968,0.02208,2.700504,0.89616,dht11,7.075
2026-01-14 11:30:22,4.138064,2.71296,4.488272,3.05664,4.985936,0.73728,max,6.035
2026-01-14 11:30:24,2.400784,1.51056,3.032592,1.10016,2.92456,0.82656,max,4.494
2026-01-14 11:30:25,3.068128,1.15248,2.628832,1.6872,2.733824,1.0896,dht11,3.733
2026-01-14 11:30:26,5.042744,1.9992,4.899896,3.0048,5.704216,1.14576,max,2.995
2026-01-14 11:30:27,3.840896,3.78528,5.588352,0.7752,4.44096,1.16304,camera,2.747
2026-01-14 11:30:27,3.840896,3.78528,5.588352,0.7752,4.44096,1.16304,dht11,2.159
2026-01-14 11:30:28,3.672416,3.41088,4.968288,1.344,4.62064,1.12704,camera,2.118
2026-01-14 11:30:28,3.672416,3.41088,4.968288,1.344,4.62064,1.12704,max,1.341
2026-01-14 11:30:29,3.161864,3.9384,5.150984,0.32256,3.795152,1.11408,dht11,0.729
2026-01-14 11:30:30,3.991816,3.41088,4.925704,1.40208,4.433216,1.12656,max,0.022
2026-01-14 11:30:31,3.692912,3.72096,5.321584,0.95376,4.473712,1.12944,camera,0.144
2026-01-14 11:30:31,3.692912,3.72096,5.321584,0.95376,4.473712,1.12944,dht11,0.658
2026-01-14 11:30:33,4.35416,3.41088,4.98904,3.19632,4.977776,1.1208,dht11,1.978
2026-01-14 11:30:34,3.070928,3.408,5.238896,0.0,4.042944,1.12944,camera,1.939
2026-01-14 11:30:34,3.070928,3.408,5.238896,0.0,4.042944,1.12944,max,2.663
2026-01-14 11:30:35,4.819488,3.71808,4.913536,3.7176,5.241648,1.1256,dht11,3.153
2026-01-14 11:30:36,3.106928,3.41088,5.30392,0.0,4.114496,1.14528,max,3.866
2026-01-14 11:30:37,3.557064,3.72096,5.164232,0.0,3.931896,1.12656,camera,3.411
2026-01-14 11:30:37,3.557064,3.72096,5.164232,0.0,3.931896,1.12656,dht11,4.442
2026-01-14 11:30:38,3.749024,3.69216,5.409488,0.62448,4.544344,1.13088,max,5.017
2026-01-14 11:30:39,4.388312,3.43968,5.014872,2.78592,5.0092,1.13376,dht11,5.563
2026-01-14 11:30:41,4.478944,3.72096,5.370928,2.4984,5.215184,1.14192,dht11,6.664
2026-01-14 11:30:42,3.556664,3.408,5.0174,0.64512,4.501304,1.13664,camera,6.808
2026-01-14 11:30:42,3.556664,3.408,5.0174,0.64512,4.501304,1.13664,max,5.565
2026-01-14 11:30:43,3.282192,3.72096,5.267728,0.0,3.727632,1.12464,dht11,7.72
2026-01-14 11:30:44,3.472848,3.41088,4.942384,0.77232,4.429872,1.13328,max,8.139
2026-01-14 11:30:45,3.285024,3.72096,5.263808,0.0,3.741264,1.12704,dht11,8.668
2026-01-14 11:30:46,3.982096,3.41088,4.923152,1.72464,4.595328,1.11312,camera,8.15
2026-01-14 11:30:46,3.982096,3.41088,4.923152,1.72464,4.595328,1.11312,max,9.15
2026-01-14 11:30:47,4.297984,3.72096,5.263104,2.19552,5.08544,1.12128,dht11,9.552
2026-01-14 11:30:48,4.12076,3.41088,4.89644,2.26656,4.744376,1.12032,max,10.011
2026-01-14 11:30:50,3.118152,3.408,5.272136,0.0,4.068288,1.13376,camera,10.249
2026-01-14 11:30:50,3.118152,3.408,5.272136,0.0,4.068288,1.13376,max,10.746
2026-01-14 11:30:51,3.298016,3.72096,4.95012,0.0,3.749616,1.12128,dht11,11.365
2026-01-14 11:30:52,3.960968,3.41088,5.257984,1.9704,5.070592,1.13376,max,11.596
2026-01-14 11:30:53,4.146032,3.72096,4.963696,1.81104,4.428656,1.12272,dht11,12.209
2026-01-14 11:30:54,3.92548,3.41088,5.00324,1.50048,4.878824,1.12224,camera,11.575
2026-01-14 11:30:54,3.92548,3.41088,5.00324,1.50048,4.878824,1.12224,max,12.587
2026-01-14 11:30:55,3.8474,3.7344,5.147368,1.4928,4.306152,1.12128,dht11,13.014
2026-01-14 11:30:56,3.807472,3.37536,4.965104,1.5096,4.437232,1.11408,camera,12.969
2026-01-14 11:30:56,3.807472,3.37536,4.965104,1.5096,4.437232,1.11408,max,13.361
2026-01-14 11:30:57,4.142992,3.44832,5.496208,1.83408,5.027672,1.13472,dht11,13.78
2026-01-14 11:30:59,3.202488,3.68352,4.913592,0.0,3.706352,1.12944,camera,13.563
2026-01-14 11:30:59,3.202488,3.68352,4.913592,0.0,3.706352,1.12944,dht11,14.531
2026-01-14 11:31:00,4.073672,3.72096,5.53748,0.99696,4.854984,1.12896,max,14.726
2026-01-14 11:31:01,3.075672,3.408,4.89672,0.0,3.703248,1.11744,dht11,15.239
2026-01-14 11:31:02,3.682664,3.41088,5.169984,0.7488,4.66696,1.12464,max,15.37
2026-01-14 11:31:03,3.401488,3.72096,5.358528,0.0,3.828912,1.11504,camera,14.748
2026-01-14 11:31:03,3.401488,3.72096,5.358528,0.0,3.828912,1.11504,dht11,15.958
2026-01-14 11:31:04,3.10756,3.41088,4.92516,0.0,3.737832,1.11456,max,16.1
2026-01-14 11:31:05,3.251952,3.72096,5.237488,0.0,4.030704,1.13088,dht11,16.593
2026-01-14 11:31:06,3.432336,3.41088,4.924864,0.63792,4.056512,1.12464,camera,16.148
2026-01-14 11:31:06,3.432336,3.41088,4.924864,0.63792,4.056512,1.12464,max,16.862
2026-01-14 11:31:08,3.448904,3.41088,5.230112,0.78144,4.406816,1.12944,max,17.439
2026-01-14 11:31:09,3.284592,3.72096,4.921448,0.0,3.726952,1.11984,dht11,17.756
2026-01-14 11:31:10,3.780232,3.41088,4.910728,1.5888,4.732152,1.12656,camera,17.215
2026-01-14 11:31:10,3.780232,3.41088,4.910728,1.5888,4.732152,1.12656,max,17.997
2026-01-14 11:31:11,4.466152,3.71808,5.243416,2.73264,4.932008,1.10928,dht11,18.347
2026-01-14 11:31:12,4.231872,3.41088,5.19592,1.75152,4.860048,1.11456,max,18.48
2026-01-14 11:31:13,3.749112,3.41088,5.231352,1.15632,4.70092,1.12848,camera,18.179
2026-01-14 11:31:13,3.749112,3.41088,5.231352,1.15632,4.70092,1.12848,dht11,18.946
2026-01-14 11:31:14,4.109856,3.72096,5.236256,1.06752,4.562464,1.12128,camera,18.521
2026-01-14 11:31:14,4.109856,3.72096,5.236256,1.06752,4.562464,1.12128,max,19.189
2026-01-14 11:31:15,3.431416,3.41088,4.896248,0.82896,4.392296,1.13952,dht11,19.499
2026-01-14 11:31:17,4.050872,3.72096,5.527576,0.88704,4.476584,1.13088,dht11,20.113
2026-01-14 11:31:18,4.281344,3.41088,4.88848,2.94048,5.406112,1.12176,camera,19.338
2026-01-14 11:31:18,4.281344,3.41088,4.88848,2.94048,5.406112,1.12176,max,20.149
2026-01-14 11:31:19,3.746976,3.72096,5.53744,0.35952,4.024992,1.1232,dht11,20.492
2026-01-14 11:31:20,4.556344,3.41088,4.887608,3.50496,5.186104,1.11696,max,20.67
2026-01-14 11:31:21,3.735104,3.72096,5.533512,0.40272,4.520776,1.12704,dht11,21.121
2026-01-14 11:31:22,3.509,3.41088,4.968448,0.77856,4.136448,1.11456,camera,20.307
2026-01-14 11:31:22,3.509,3.41088,4.968448,0.77856,4.136448,1.11456,max,21.233
2026-01-14 11:31:23,3.943216,3.52656,5.075248,1.22544,4.89912,1.1232,dht11,21.639
2026-01-14 11:31:24,3.286408,3.72096,5.27348,0.0,3.74772,1.11648,max,21.658
2026-01-14 11:31:28,3.663744,3.41088,5.128064,0.68352,4.643144,1.13088,dht11,22.567
2026-01-14 11:31:28,3.663744,3.41088,5.128064,0.68352,4.643144,1.13088,max,22.628
2026-01-14 11:31:30,3.858096,3.41088,4.989616,1.54176,4.803136,1.12704,dht11,23.044
2026-01-14 11:31:30,3.858096,3.41088,4.989616,1.54176,4.803136,1.12704,max,22.949
2026-01-14 11:31:31,4.016792,3.72096,5.290136,1.4736,4.471464,1.1208,camera,22.67
2026-01-14 11:31:32,3.118432,3.4176,4.940128,0.0,3.738976,1.12752,dht11,23.395
2026-01-14 11:31:32,3.118432,3.4176,4.940128,0.0,3.738976,1.12752,max,23.446
2026-01-14 11:31:36,3.087408,3.41088,5.242696,0.0,4.051272,1.11984,dht11,24.332
2026-01-14 11:31:36,3.087408,3.41088,5.242696,0.0,4.051272,1.11984,max,24.251
2026-01-14 11:31:37,3.950808,3.72096,4.909392,1.3392,4.39688,1.12416,camera,23.218
2026-01-14 11:31:38,3.594744,3.408,4.89568,1.22976,4.561984,1.12464,dht11,24.705
2026-01-14 11:31:38,3.594744,3.408,4.89568,1.22976,4.561984,1.12464,max,24.563
2026-01-14 11:31:40,3.717456,3.41088,5.54048,1.23888,4.817936,1.13856,dht11,24.853
2026-01-14 11:31:40,3.717456,3.41088,5.54048,1.23888,4.817936,1.13856,max,25.148
2026-01-14 11:31:41,3.9618,3.71808,4.915656,1.43712,4.237472,1.1256,camera,24.352
2026-01-14 11:31:42,4.580016,3.41088,5.502128,3.11904,5.531608,1.13184,dht11,25.437
2026-01-14 11:31:42,4.580016,3.41088,5.502128,3.11904,5.531608,1.13184,max,25.587
2026-01-14 11:31:44,3.222112,3.72096,4.877664,0.0,3.675376,1.12512,dht11,25.83
2026-01-14 11:31:44,3.222112,3.72096,4.877664,0.0,3.675376,1.12512,camera,25.209
2026-01-14 11:31:44,3.222112,3.72096,4.877664,0.0,3.675376,1.12512,max,25.831
2026-01-14 11:31:46,3.294328,3.72096,4.94708,0.0,3.751504,1.12368,dht11,26.352
2026-01-14 11:31:46,3.294328,3.72096,4.94708,0.0,3.751504,1.12368,camera,25.678
2026-01-14 11:31:46,3.294328,3.72096,4.94708,0.0,3.751504,1.12368,max,26.401
2026-01-14 11:31:47,3.432728,3.41088,5.221128,0.0,4.355392,1.12464,camera,25.794
2026-01-14 11:31:48,3.637056,3.9,5.26368,0.7944,4.095296,1.116,camera,25.888
2026-01-14 11:31:48,3.637056,3.9,5.26368,0.7944,4.095296,1.116,dht11,25.821
2026-01-14 11:31:48,3.637056,3.9,5.26368,0.7944,4.095296,1.116,max,26.633
2026-01-14 11:31:50,4.13088,3.82896,5.070912,1.87632,5.089856,1.12608,camera,26.835
2026-01-14 11:31:50,4.13088,3.82896,5.070912,1.87632,5.089856,1.12608,dht11,27.053
2026-01-14 11:31:50,4.13088,3.82896,5.070912,1.87632,5.089856,1.12608,max,27.14
2026-01-14 11:31:54,4.961408,3.72096,5.258128,3.84432,5.248912,1.1088,camera,27.367
2026-01-14 11:31:54,4.961408,3.72096,5.258128,3.84432,5.248912,1.1088,dht11,27.821
2026-01-14 11:31:54,4.961408,3.72096,5.258128,3.84432,5.248912,1.1088,max,27.802
2026-01-14 11:31:56,4.789992,3.72096,5.265736,3.71568,5.57852,1.12752,dht11,28.161
2026-01-14 11:31:56,4.789992,3.72096,5.265736,3.71568,5.57852,1.12752,max,27.909
2026-01-14 11:31:58,3.776744,3.72096,5.238504,1.13712,4.560616,1.12656,dht11,28.294
2026-01-14 11:31:58,3.776744,3.72096,5.238504,1.13712,4.560616,1.12656,max,28.576
2026-01-14 11:31:59,3.57652,3.41088,4.903624,0.95904,4.20372,1.1208,camera,28.294
2026-01-14 11:32:00,3.955064,3.41088,5.266856,1.90992,5.071784,1.152,dht11,28.872
2026-01-14 11:32:00,3.955064,3.41088,5.266856,1.90992,5.071784,1.152,max,28.911
2026-01-14 11:32:02,4.46884,3.72096,4.905528,2.08272,4.710456,1.13568,dht11,29.242
2026-01-14 11:32:02,4.46884,3.72096,4.905528,2.08272,4.710456,1.13568,max,29.195
2026-01-14 11:32:04,3.966848,3.41088,4.882304,2.11872,4.595584,1.11504,camera,29.185
2026-01-14 11:32:04,3.966848,3.41088,4.882304,2.11872,4.595584,1.11504,dht11,29.59
2026-01-14 11:32:04,3.966848,3.41088,4.882304,2.11872,4.595584,1.11504,max,29.567
2026-01-14 11:32:06,3.670416,3.6696,5.308304,0.76512,4.134288,1.12272,dht11,29.898
2026-01-14 11:32:06,3.670416,3.6696,5.308304,0.76512,4.134288,1.12272,max,29.65
2026-01-14 11:32:08,5.593992,5.76096,5.598104,2.69088,6.381496,1.13472,max,30.207
2026-01-14 11:32:08,5.593992,5.76096,5.598104,2.69088,6.381496,1.13472,dht11,30.114
2026-01-14 11:32:09,5.199584,5.44272,5.193424,2.62416,6.09116,1.12944,camera,29.461
2026-01-14 11:32:12,5.272152,5.29776,5.317208,2.50464,6.271352,1.13616,max,30.854
2026-01-14 11:32:12,5.272152,5.29776,5.317208,2.50464,6.271352,1.13616,dht11,30.895
2026-01-14 11:32:13,5.305672,5.63568,5.260616,2.59776,5.69428,1.12512,camera,30.65
2026-01-14 11:32:14,4.892096,5.17968,4.970968,2.55312,5.978184,1.1376,max,31.179
2026-01-14 11:32:14,4.892096,5.17968,4.970968,2.55312,5.978184,1.1376,dht11,31.204
2026-01-14 11:32:16,2.665144,4.36656,3.515064,1.05792,3.681976,0.60816,max,31.401
2026-01-14 11:32:16,2.665144,4.36656,3.515064,1.05792,3.681976,0.60816,dht11,31.384
2026-01-14 11:32:17,2.685856,3.29328,3.148704,1.35936,3.006368,1.11408,camera,31.11
2026-01-14 11:32:18,5.368096,5.76912,5.305632,2.58288,5.919632,1.13328,max,31.702
2026-01-14 11:32:18,5.368096,5.76912,5.305632,2.58288,5.919632,1.13328,dht11,31.762
2026-01-14 11:32:20,5.226984,5.52288,5.229544,2.64912,5.99692,1.1376,max,31.913
2026-01-14 11:32:20,5.226984,5.52288,5.229544,2.64912,5.99692,1.1376,dht11,31.972
2026-01-14 11:32:22,5.425968,5.9712,5.422384,2.53872,6.18424,1.13952,max,32.074
2026-01-14 11:32:22,5.425968,5.9712,5.422384,2.53872,6.18424,1.13952,dht11,32.186
2026-01-14 11:32:24,5.317496,5.60352,5.324368,2.61744,6.104656,1.13472,camera,31.381
2026-01-14 11:32:24,5.317496,5.60352,5.324368,2.61744,6.104656,1.13472,max,31.639
2026-01-14 11:32:24,5.317496,5.60352,5.324368,2.61744,6.104656,1.13472,dht11,31.289
2026-01-14 11:32:25,5.162664,5.4888,5.158112,2.43072,5.905632,1.1328,camera,29.578
2026-01-14 11:32:26,5.47688,5.68128,5.480976,2.62752,6.116336,1.14864,max,28.126
2026-01-14 11:32:26,5.47688,5.68128,5.480976,2.62752,6.116336,1.14864,dht11,27.612
2026-01-14 11:32:28,4.982416,5.22672,5.235312,2.79504,5.985936,1.14096,max,24.798
2026-01-14 11:32:28,4.982416,5.22672,5.235312,2.79504,5.985936,1.14096,dht11,23.892
2026-01-14 11:32:30,5.157392,5.61168,5.15064,2.59728,6.206896,1.12848,max,21.499
2026-01-14 11:32:30,5.157392,5.61168,5.15064,2.59728,6.206896,1.12848,dht11,21.239
2026-01-14 11:32:32,5.224128,5.51856,5.251528,2.58768,6.194392,1.14192,camera,18.537
2026-01-14 11:32:32,5.224128,5.51856,5.251528,2.58768,6.194392,1.14192,max,18.732
2026-01-14 11:32:32,5.224128,5.51856,5.251528,2.58768,6.194392,1.14192,dht11,18.268
2026-01-14 11:32:34,5.287088,5.74944,5.526744,2.4792,6.298792,1.14144,max,15.951
2026-01-14 11:32:34,5.287088,5.74944,5.526744,2.4792,6.298792,1.14144,dht11,15.535
2026-01-14 11:32:35,5.421952,5.78592,5.171032,2.47872,5.757832,1.13616,camera,14.031
2026-01-14 11:32:38,5.140968,5.6376,5.039544,2.40912,5.673584,1.1208,camera,10.129
2026-01-14 11:32:38,5.140968,5.6376,5.039544,2.40912,5.673584,1.1208,max,9.73
2026-01-14 11:32:38,5.140968,5.6376,5.039544,2.40912,5.673584,1.1208,dht11,10.425
2026-01-14 11:32:40,5.270256,5.74752,5.27384,2.5608,5.6948,1.12032,max,8.405
2026-01-14 11:32:40,5.270256,5.74752,5.27384,2.5608,5.6948,1.12032,dht11,8.058
2026-01-14 11:32:41,5.358528,5.57808,5.598144,2.62992,6.306656,1.15056,camera,7.223
2026-01-14 11:32:42,3.307384,3.4008,3.240312,1.16784,3.106112,1.04784,max,6.316
2026-01-14 11:32:42,3.307384,3.4008,3.240312,1.16784,3.106112,1.04784,dht11,5.826
2026-01-14 11:32:43,3.918632,4.488,4.187944,2.47584,4.950368,1.13472,camera,4.689
2026-01-14 11:32:46,4.976352,5.30448,5.251808,2.65824,6.030952,1.1352,max,2.371
2026-01-14 11:32:46,4.976352,5.30448,5.251808,2.65824,6.030952,1.1352,dht11,1.96
2026-01-14 11:32:48,5.52344,6.05664,5.525488,2.53152,6.307824,1.13088,camera,0.053
2026-01-14 11:32:48,5.52344,6.05664,5.525488,2.53152,6.307824,1.13088,max,0.52
2026-01-14 11:32:49,5.071888,5.35152,5.077008,2.66832,5.683728,1.13568,dht11,0.121
2026-01-14 11:32:50,5.37968,5.72832,5.375584,2.68992,6.1528,1.13184,camera,1.235
2026-01-14 11:32:50,5.37968,5.72832,5.375584,2.68992,6.1528,1.13184,max,1.801
2026-01-14 11:32:51,5.129504,5.46672,5.130528,2.64912,5.744416,1.12896,dht11,4.507
2026-01-14 11:32:52,5.342344,5.71056,5.348488,2.60832,6.131368,1.14,max,2.853
2026-01-14 11:32:54,5.411824,5.40624,5.693248,2.7288,6.429928,1.16016,max,4.456
2026-01-14 11:32:55,5.558184,6.01632,5.265496,2.53104,5.88984,1.12416,dht11,4.883
2026-01-14 11:32:55,5.558184,6.01632,5.265496,2.53104,5.88984,1.12416,camera,5.411
2026-01-14 11:32:56,5.73708,6.07008,5.795448,2.62128,6.557144,1.14048,max,5.889
2026-01-14 11:32:57,5.395032,5.65776,5.338712,2.46288,5.941848,1.13616,dht11,6.242
2026-01-14 11:32:57,5.395032,5.65776,5.338712,2.46288,5.941848,1.13616,camera,7.207
2026-01-14 11:32:58,5.827464,6.25248,5.843848,2.6376,6.62516,1.12992,max,7.168
2026-01-14 11:32:59,5.106912,5.41968,5.089504,2.71824,5.711696,1.12704,dht11,7.576
2026-01-14 11:33:00,5.448472,5.96928,5.456096,2.7024,6.233984,1.13184,camera,8.588
2026-01-14 11:33:00,5.448472,5.96928,5.456096,2.7024,6.233984,1.13184,max,8.515
2026-01-14 11:33:02,5.18864,5.54592,5.183064,2.49312,6.176072,1.1496,max,9.712
2026-01-14 11:33:03,5.636312,6.1008,5.636312,2.54304,6.017184,1.12704,dht11,10.092
2026-01-14 11:33:03,5.636312,6.1008,5.636312,2.54304,6.017184,1.12704,camera,10.76
2026-01-14 11:33:04,5.026168,5.4552,5.027192,2.34672,5.993392,1.13376,max,11.507
2026-01-14 11:33:05,5.425344,5.82624,5.432048,2.59104,5.855984,1.1232,dht11,11.302
2026-01-14 11:33:06,5.163432,5.46384,5.175976,2.604,5.7914,1.12848,max,11.981
2026-01-14 11:33:07,5.394032,5.4432,5.370688,2.5728,6.146368,1.13136,dht11,12.366
2026-01-14 11:33:07,5.394032,5.4432,5.370688,2.5728,6.146368,1.13136,camera,13.194
2026-01-14 11:33:08,5.0526,5.25456,5.051576,2.49936,5.673144,1.12272,max,13.161
2026-01-14 11:33:09,5.436376,5.75904,5.442408,2.59296,6.217576,1.13472,dht11,13.449
2026-01-14 11:33:11,5.243784,5.54256,5.24728,2.59968,5.872912,1.12752,dht11,14.544
2026-01-14 11:33:11,5.243784,5.54256,5.24728,2.59968,5.872912,1.12752,camera,15.045
2026-01-14 11:33:12,5.56912,6.1008,5.66148,2.72496,6.428488,1.13376,max,15.24
2026-01-14 11:33:13,5.303968,5.53392,5.205152,2.4624,5.823648,1.1256,dht11,17.544
2026-01-14 11:33:14,5.269728,5.80368,5.375928,2.61312,6.157136,1.13136,max,16.219
2026-01-14 11:33:15,5.661128,5.78592,5.554928,2.50032,6.154072,1.14336,dht11,16.246
2026-01-14 11:33:16,5.583992,6.05664,5.582968,2.53536,6.366328,1.12464,camera,17.149
2026-01-14 11:33:16,5.583992,6.05664,5.582968,2.53536,6.366328,1.12464,max,16.814
2026-01-14 11:33:17,5.091184,5.47152,5.093232,2.37024,5.708656,1.12896,dht11,17.126
2026-01-14 11:33:19,5.218992,5.3712,5.276048,2.55888,6.055008,1.15104,camera,18.749
2026-01-14 11:33:19,5.218992,5.3712,5.276048,2.55888,6.055008,1.15104,dht11,17.9
2026-01-14 11:33:20,5.386928,5.60496,5.609936,2.62608,6.347008,1.15248,max,18.349
2026-01-14 11:33:21,5.54856,5.74752,5.266448,2.532,5.871576,1.13232,camera,19.378
2026-01-14 11:33:21,5.54856,5.74752,5.266448,2.532,5.871576,1.13232,dht11,20.176
2026-01-14 11:33:22,5.337208,5.66784,5.337208,2.60016,6.106544,1.1424,max,19.319
2026-01-14 11:33:23,5.152088,5.45616,5.152088,2.4504,6.151816,1.14768,dht11,19.462
2026-01-14 11:33:24,5.383456,5.80896,5.387568,2.51808,5.772144,1.11792,max,19.787
2026-01-14 11:33:25,4.980384,5.18544,4.983824,2.50608,5.600384,1.12896,camera,21.026
2026-01-14 11:33:25,4.980384,5.18544,4.983824,2.50608,5.600384,1.12896,dht11,20.078
2026-01-14 11:33:27,5.51556,5.85408,5.510056,2.65536,6.268616,1.14912,dht11,21.269
2026-01-14 11:33:28,4.996728,5.3064,5.005768,2.59056,6.058944,1.13808,max,21.122
2026-01-14 11:33:29,5.305216,5.62464,5.295152,2.63184,5.62796,1.13568,dht11,21.506
2026-01-14 11:33:30,5.512808,5.96064,5.513832,2.56512,6.27364,1.14096,max,21.729
2026-01-14 11:33:31,5.064472,5.26704,5.063448,2.65776,5.676312,1.128,camera,22.464
2026-01-14 11:33:31,5.064472,5.26704,5.063448,2.65776,5.676312,1.128,dht11,22.02
2026-01-14 11:33:32,5.482664,5.8848,5.496488,2.79504,6.276776,1.128,camera,22.925
2026-01-14 11:33:32,5.482664,5.8848,5.496488,2.79504,6.276776,1.128,max,22.329
2026-01-14 11:33:33,5.160496,5.3544,5.145648,2.59584,5.768752,1.12224,camera,23.156
2026-01-14 11:33:33,5.160496,5.3544,5.145648,2.59584,5.768752,1.12224,dht11,22.538
2026-01-14 11:33:34,5.15236,5.56848,5.43908,2.68464,6.22868,1.13088,max,24.528
2026-01-14 11:33:36,5.34188,5.73696,5.06028,2.53344,5.675608,1.12464,camera,23.848
2026-01-14 11:33:36,5.34188,5.73696,5.06028,2.53344,5.675608,1.12464,max,23.34
2026-01-14 11:33:37,5.225368,5.41296,5.308824,2.77776,6.228888,1.13088,dht11,23.699
2026-01-14 11:33:38,5.2752,5.62848,5.190208,2.61264,5.657664,1.12848,max,24.265
2026-01-14 11:33:39,5.236488,5.59536,5.502216,2.9112,6.272776,1.1352,dht11,26.378
2026-01-14 11:33:40,5.36072,5.65968,5.093456,2.38032,5.70888,1.12848,camera,24.59
2026-01-14 11:33:40,5.36072,5.65968,5.093456,2.38032,5.70888,1.12848,max,25.206
2026-01-14 11:33:41,5.113608,5.46048,5.118824,2.58816,6.14436,1.1328,dht11,24.7
2026-01-14 11:33:42,5.269384,5.87616,5.261096,2.62848,5.625128,1.12656,max,24.85
2026-01-14 11:33:43,5.142792,5.53056,5.143816,2.41104,6.137096,1.1232,dht11,25.088
2026-01-14 11:33:45,5.423336,5.85696,5.425384,2.70672,5.829864,1.13328,camera,26.0
2026-01-14 11:33:45,5.423336,5.85696,5.425384,2.70672,5.829864,1.13328,dht11,25.554
2026-01-14 11:33:46,5.180752,5.46,5.176656,2.48784,6.197976,1.13904,camera,26.03
2026-01-14 11:33:46,5.180752,5.46,5.176656,2.48784,6.197976,1.13904,max,25.666
2026-01-14 11:33:47,5.421016,5.81904,5.430664,2.67072,5.785088,1.1376,dht11,26.08
2026-01-14 11:33:48,5.040464,5.28624,5.260192,2.7912,6.03856,1.13376,max,26.128
2026-01-14 11:33:49,5.322648,5.65344,5.098904,2.45712,5.703448,1.13472,camera,26.9
2026-01-14 11:33:49,5.322648,5.65344,5.098904,2.45712,5.703448,1.13472,dht11,26.366
2026-01-14 11:33:50,5.359984,5.8152,5.43632,2.71728,6.212,1.13136,camera,26.865
2026-01-14 11:33:50,5.359984,5.8152,5.43632,2.71728,6.212,1.13136,max,26.51
2026-01-14 11:33:51,4.344384,4.43904,4.263952,1.90896,4.64744,1.03968,dht11,26.77
2026-01-14 11:33:53,3.114224,3.04176,3.725584,1.29792,3.740432,1.12464,camera,27.842
2026-01-14 11:33:53,3.114224,3.04176,3.725584,1.29792,3.740432,1.12464,dht11,27.126
2026-01-14 11:33:54,4.213088,4.0536,4.842816,1.53744,4.664608,1.12512,max,28.598
2026-01-14 11:33:55,3.683232,3.44496,4.811168,1.91088,4.626368,1.12704,dht11,27.625
2026-01-14 11:33:56,3.62432,3.72096,5.255552,0.792,4.09024,1.10976,max,27.61
2026-01-14 11:33:57,3.80936,3.41088,4.920856,1.24848,4.42012,1.13472,dht11,27.836
2026-01-14 11:33:58,3.649376,3.72096,5.27452,0.79104,4.435352,1.11936,camera,28.405
2026-01-14 11:33:58,3.649376,3.72096,5.27452,0.79104,4.435352,1.11936,max,27.921
2026-01-14 11:33:59,3.40016,3.41088,4.891104,0.6336,4.026896,1.12416,dht11,30.028
2026-01-14 11:34:00,3.140488,3.41088,5.27052,0.0,4.090312,1.12512,max,28.311
2026-01-14 11:34:02,3.773736,3.72096,5.063352,0.99456,4.230328,1.11648,max,28.598
2026-01-14 11:34:03,3.74536,3.41088,5.072464,1.20048,4.725328,1.12992,camera,29.443
2026-01-14 11:34:03,3.74536,3.41088,5.072464,1.20048,4.725328,1.12992,dht11,28.813
2026-01-14 11:34:04,3.709544,3.72096,5.30852,0.79344,4.129896,1.12368,max,28.992
2026-01-14 11:34:05,3.25556,3.41088,4.910344,0.36816,3.883272,1.11888,dht11,29.114
2026-01-14 11:34:06,4.081408,3.72096,5.37728,1.97856,4.865792,1.12464,camera,29.676
2026-01-14 11:34:06,4.081408,3.72096,5.37728,1.97856,4.865792,1.12464,max,29.442
2026-01-14 11:34:07,3.378232,3.41088,5.199872,0.0,3.9936,1.13136,dht11,30.028
2026-01-14 11:34:08,3.484584,3.41088,5.2792,0.82704,4.440544,1.1208,max,29.565
2026-01-14 11:34:11,3.186576,3.41088,5.003152,0.0,3.810192,1.11648,camera,30.516
2026-01-14 11:34:12,3.557656,3.71808,5.55036,0.0,4.346136,1.12896,dht11,30.046
2026-01-14 11:34:12,3.557656,3.71808,5.55036,0.0,4.346136,1.12896,max,30.144
2026-01-14 11:34:14,4.005096,3.41088,5.337832,2.136,5.136976,1.12176,dht11,30.365
2026-01-14 11:34:14,4.005096,3.41088,5.337832,2.136,5.136976,1.12176,camera,31.243
2026-01-14 11:34:14,4.005096,3.41088,5.337832,2.136,5.136976,1.12176,max,30.411
2026-01-14 11:34:16,3.699488,3.41088,5.035296,0.89472,4.644128,1.13568,dht11,30.58
2026-01-14 11:34:16,3.699488,3.41088,5.035296,0.89472,4.644128,1.13568,camera,32.071
2026-01-14 11:34:16,3.699488,3.41088,5.035296,0.89472,4.644128,1.13568,max,30.647
2026-01-14 11:34:17,3.9342,3.72096,5.232064,1.58976,4.38368,1.1232,camera,31.701
2026-01-14 11:34:18,3.702432,3.41088,4.997848,1.07664,4.64252,1.13856,dht11,30.946
2026-01-14 11:34:18,3.702432,3.41088,4.997848,1.07664,4.64252,1.13856,max,30.952
2026-01-14 11:34:20,3.746144,3.71808,5.20944,1.38096,4.196192,1.12128,dht11,31.13
2026-01-14 11:34:20,3.746144,3.71808,5.20944,1.38096,4.196192,1.12128,camera,31.488
2026-01-14 11:34:20,3.746144,3.71808,5.20944,1.38096,4.196192,1.12128,max,31.291
2026-01-14 11:34:22,3.96372,3.72096,5.26116,1.89552,4.415848,1.1208,dht11,31.395
2026-01-14 11:34:22,3.96372,3.72096,5.26116,1.89552,4.415848,1.1208,max,31.438
2026-01-14 11:34:24,3.05352,3.38112,5.207504,0.0,4.012824,1.12272,dht11,31.648
2026-01-14 11:34:24,3.05352,3.38112,5.207504,0.0,4.012824,1.12272,camera,32.464
2026-01-14 11:34:24,3.05352,3.38112,5.207504,0.0,4.012824,1.12272,max,31.885
2026-01-14 11:34:26,3.225136,3.41088,5.378608,0.0,4.181552,1.12368,dht11,32.119
2026-01-14 11:34:26,3.225136,3.41088,5.378608,0.0,4.181552,1.12368,max,31.933
2026-01-14 11:34:29,3.717432,3.41088,4.990264,1.1904,4.66924,1.128,camera,32.761
2026-01-14 11:34:30,3.25848,3.72096,5.244528,0.0,3.70392,1.1304,dht11,32.338
2026-01-14 11:34:30,3.25848,3.72096,5.244528,0.0,3.70392,1.1304,max,32.387
2026-01-14 11:34:31,3.677256,3.408,4.973128,1.29024,4.620872,1.1352,camera,33.03
2026-01-14 11:34:32,3.325024,3.72096,5.310048,0.0,3.76688,1.1304,dht11,32.522
2026-01-14 11:34:32,3.325024,3.72096,5.310048,0.0,3.76688,1.1304,max,32.52
2026-01-14 11:34:33,4.029432,3.408,4.997112,1.72704,4.982264,1.12608,camera,32.891
2026-01-14 11:34:34,3.642312,3.72096,5.272008,0.82992,4.102088,1.11984,dht11,32.369
2026-01-14 11:34:34,3.642312,3.72096,5.272008,0.82992,4.102088,1.11984,max,32.369
2026-01-14 11:34:36,3.87324,3.72096,5.308888,1.52352,4.660696,1.12128,dht11,32.224
2026-01-14 11:34:36,3.87324,3.72096,5.308888,1.52352,4.660696,1.12128,max,32.179
2026-01-14 11:34:38,3.912976,3.41088,4.881168,1.55232,4.535568,1.12224,camera,32.646
2026-01-14 11:34:38,3.912976,3.41088,4.881168,1.55232,4.535568,1.12224,dht11,32.66
2026-01-14 11:34:38,3.912976,3.41088,4.881168,1.55232,4.535568,1.12224,max,32.008
2026-01-14 11:34:39,3.790528,3.60768,5.4192,0.63024,4.565184,1.13568,camera,32.832
2026-01-14 11:34:40,3.416744,3.52416,4.910248,0.516,4.04036,1.11792,dht11,31.913
2026-01-14 11:34:40,3.416744,3.52416,4.910248,0.516,4.04036,1.11792,max,31.867
2026-01-14 11:34:42,4.501744,3.72096,5.303024,2.81088,4.949288,1.12368,dht11,31.789
2026-01-14 11:34:42,4.501744,3.72096,5.303024,2.81088,4.949288,1.12368,max,31.784
2026-01-14 11:34:43,3.33812,3.41088,4.96628,0.40512,4.287368,1.13136,camera,32.169
2026-01-14 11:34:44,3.767976,3.72096,5.257384,1.0536,4.22212,1.12032,dht11,31.626
2026-01-14 11:34:44,3.767976,3.72096,5.257384,1.0536,4.22212,1.12032,max,32.883
2026-01-14 11:34:47,3.3544,3.72096,5.333152,0.0,4.132568,1.12272,camera,32.405
2026-01-14 11:34:48,3.07908,3.41088,4.89924,0.0,3.697064,1.12848,camera,32.309
2026-01-14 11:34:48,3.07908,3.41088,4.89924,0.0,3.697064,1.12848,dht11,31.407
2026-01-14 11:34:48,3.07908,3.41088,4.89924,0.0,3.697064,1.12848,max,31.417
2026-01-14 11:34:50,3.739448,3.41088,4.910392,1.39104,4.361016,1.12464,camera,32.099
2026-01-14 11:34:50,3.739448,3.41088,4.910392,1.39104,4.361016,1.12464,dht11,31.301
2026-01-14 11:34:50,3.739448,3.41088,4.910392,1.39104,4.361016,1.12464,max,31.667
2026-01-14 11:34:52,3.31744,3.72096,4.964032,0.0,3.757248,1.13136,dht11,31.428
2026-01-14 11:34:52,3.31744,3.72096,4.964032,0.0,3.757248,1.13136,max,31.202
2026-01-14 11:34:54,4.36828,3.72096,4.954608,1.89888,4.63136,1.1256,dht11,31.134
2026-01-14 11:34:54,4.36828,3.72096,4.954608,1.89888,4.63136,1.1256,max,31.1
2026-01-14 11:34:56,4.080328,3.72096,5.712072,0.62736,4.85772,1.13616,max,31.051
2026-01-14 11:34:56,4.080328,3.72096,5.712072,0.62736,4.85772,1.13616,dht11,31.125
2026-01-14 11:34:58,3.744712,3.38064,5.18548,1.41408,4.694984,1.12656,camera,31.185
2026-01-14 11:34:58,3.744712,3.38064,5.18548,1.41408,4.694984,1.12656,max,30.989
2026-01-14 11:34:58,3.744712,3.38064,5.18548,1.41408,4.694984,1.12656,dht11,31.065
2026-01-14 11:35:00,3.04396,3.41088,4.890856,0.0,4.029672,1.12176,max,30.965
2026-01-14 11:35:00,3.04396,3.41088,4.890856,0.0,4.029672,1.12176,dht11,30.87
2026-01-14 11:35:02,3.74288,3.408,5.036704,1.08192,4.351776,1.1256,camera,31.922
2026-01-14 11:35:02,3.74288,3.408,5.036704,1.08192,4.351776,1.1256,max,30.901
2026-01-14 11:35:02,3.74288,3.408,5.036704,1.08192,4.351776,1.1256,dht11,30.836
2026-01-14 11:35:03,3.518504,3.41088,5.317672,0.88896,4.478504,1.1208,camera,31.166
2026-01-14 11:35:06,3.074096,3.41088,5.234224,0.0,4.027952,1.13232,max,30.808
2026-01-14 11:35:06,3.074096,3.41088,5.234224,0.0,4.027952,1.13232,dht11,30.734
2026-01-14 11:35:08,3.131368,3.41088,5.266408,0.0,4.084712,1.13376,camera,31.554
2026-01-14 11:35:08,3.131368,3.41088,5.266408,0.0,4.084712,1.13376,max,31.039
2026-01-14 11:35:08,3.131368,3.41088,5.266408,0.0,4.084712,1.13376,dht11,30.738
2026-01-14 11:35:09,4.25184,4.03104,5.185216,1.3104,4.693184,1.12944,camera,31.598
2026-01-14 11:35:10,3.973704,3.408,5.251144,2.01696,5.088328,1.12992,max,30.718
2026-01-14 11:35:10,3.973704,3.408,5.251144,2.01696,5.088328,1.12992,dht11,30.631
2026-01-14 11:35:12,4.28208,3.41088,5.1832,2.5584,5.2344,1.12848,max,30.624
2026-01-14 11:35:12,4.28208,3.41088,5.1832,2.5584,5.2344,1.12848,dht11,30.649
2026-01-14 11:35:14,3.939088,3.71808,5.302032,0.93888,4.375824,1.1376,camera,30.954
2026-01-14 11:35:14,3.939088,3.71808,5.302032,0.93888,4.375824,1.1376,max,30.591
2026-01-14 11:35:14,3.939088,3.71808,5.302032,0.93888,4.375824,1.1376,dht11,30.579
2026-01-14 11:35:16,3.833496,3.72096,5.153752,0.83616,4.313832,1.12176,max,30.698
2026-01-14 11:35:16,3.833496,3.72096,5.153752,0.83616,4.313832,1.12176,dht11,30.602
2026-01-14 11:35:17,3.720296,3.408,5.06876,1.22784,4.633944,1.12656,camera,31.213
2026-01-14 11:35:18,3.513968,3.71808,5.410912,0.0,3.962976,1.1256,max,30.632
2026-01-14 11:35:18,3.513968,3.71808,5.410912,0.0,3.962976,1.1256,dht11,30.608
2026-01-14 11:35:20,3.517728,3.72096,5.506336,0.0,4.331528,1.13184,max,30.507
2026-01-14 11:35:20,3.517728,3.72096,5.506336,0.0,4.331528,1.13184,dht11,31.126
2026-01-14 11:35:23,4.0484,3.41088,5.383128,2.68512,5.167064,1.13424,camera,30.727
2026-01-14 11:35:24,4.48552,3.72096,4.921232,2.51232,4.77808,1.12416,max,33.026
2026-01-14 11:35:24,4.48552,3.72096,4.921232,2.51232,4.77808,1.12416,dht11,30.213
2026-01-14 11:35:26,3.67532,3.72096,4.963512,0.8808,3.95436,1.12224,camera,30.681
2026-01-14 11:35:26,3.67532,3.72096,4.963512,0.8808,3.95436,1.12224,max,29.967
2026-01-14 11:35:26,3.67532,3.72096,4.963512,0.8808,3.95436,1.12224,dht11,30.287
2026-01-14 11:35:28,3.231896,3.72096,5.2184,0.0,3.702368,1.10496,max,29.819
2026-01-14 11:35:28,3.231896,3.72096,5.2184,0.0,3.702368,1.10496,dht11,29.72
2026-01-14 11:35:29,3.70692,3.408,5.002336,1.10496,4.329056,1.12224,camera,30.344
2026-01-14 11:35:30,3.672888,3.41088,5.323824,1.53072,4.874312,1.1472,max,29.686
2026-01-14 11:35:30,3.672888,3.41088,5.323824,1.53072,4.874312,1.1472,dht11,29.639
2026-01-14 11:35:32,4.042464,3.72096,4.935656,1.29648,4.22088,1.12464,max,29.453
2026-01-14 11:35:33,4.003512,3.72096,5.27836,1.28112,4.793496,1.12272,dht11,29.394
2026-01-14 11:35:34,3.062592,3.41088,4.905768,0.0,3.708712,1.12176,camera,30.227
2026-01-14 11:35:34,3.062592,3.41088,4.905768,0.0,3.708712,1.12176,max,29.542
2026-01-14 11:35:35,3.744368,3.41088,5.513896,0.94032,4.67268,1.12512,dht11,29.214
2026-01-14 11:35:36,3.809832,3.72096,4.937768,1.11792,4.25732,1.1232,max,29.18
2026-01-14 11:35:37,3.60504,3.41088,4.903472,1.33824,4.5548,1.13424,dht11,29.088
2026-01-14 11:35:38,4.606712,3.72096,5.406456,2.07888,5.069048,1.10784,camera,29.895
2026-01-14 11:35:38,4.606712,3.72096,5.406456,2.07888,5.069048,1.10784,max,28.973
2026-01-14 11:35:39,3.60148,3.41088,4.9122,0.86976,4.222536,1.12368,dht11,28.919
2026-01-14 11:35:41,3.685992,3.72096,5.33332,0.76032,4.485448,1.12944,dht11,28.875
2026-01-14 11:35:42,3.465104,3.41088,4.910256,0.62352,4.070576,1.12176,max,28.744
2026-01-14 11:35:43,4.027696,3.6816,5.322544,1.34928,4.801784,1.13328,dht11,28.949
2026-01-14 11:35:44,3.395184,3.44736,4.858992,0.8472,4.026024,1.11504,max,30.867
2026-01-14 11:35:45,3.896656,3.41088,5.362,1.59456,4.836176,1.13472,dht11,28.553
2026-01-14 11:35:45,3.896656,3.41088,5.362,1.59456,4.836176,1.13472,camera,29.335
2026-01-14 11:35:46,3.296912,3.72096,4.945552,0.0,3.76488,1.10736,camera,28.851
2026-01-14 11:35:46,3.296912,3.72096,4.945552,0.0,3.76488,1.10736,max,28.504
2026-01-14 11:35:47,3.421808,3.41088,4.910704,0.77952,4.0444,1.12272,dht11,28.405
2026-01-14 11:35:48,3.952456,3.62352,5.225624,1.69056,4.732056,1.12944,max,29.157
2026-01-14 11:35:50,2.986408,3.45984,4.80572,0.0,3.612248,1.12128,max,28.218
2026-01-14 11:35:51,3.492144,3.41088,5.289264,0.86256,4.449488,1.12608,dht11,28.454
2026-01-14 11:35:51,3.492144,3.41088,5.289264,0.86256,4.449488,1.12608,camera,28.821
2026-01-14 11:35:52,3.976456,3.72096,4.94004,1.58496,4.433768,1.1136,max,28.153
2026-01-14 11:35:53,4.104536,3.41088,5.018968,2.16,4.72508,1.12224,dht11,28.062
2026-01-14 11:35:54,3.623992,3.72096,5.26524,0.74064,4.421976,1.12464,max,27.942
2026-01-14 11:35:55,4.341344,3.41088,5.107408,2.09808,4.94664,1.12848,dht11,27.868
2026-01-14 11:35:56,4.340408,3.72096,5.329192,1.74432,5.120296,1.12512,camera,28.391
2026-01-14 11:35:56,4.340408,3.72096,5.329192,1.74432,5.120296,1.12512,max,28.137
2026-01-14 11:35:57,4.007776,3.41088,4.97392,2.23392,4.631216,1.12224,dht11,27.924
2026-01-14 11:35:59,3.693136,3.41088,4.995152,1.3968,4.820224,1.12848,dht11,27.959
2026-01-14 11:36:00,3.711376,3.72096,5.341912,0.7392,3.9988,1.11936,camera,28.287
2026-01-14 11:36:00,3.711376,3.72096,5.341912,0.7392,3.9988,1.11936,max,27.856
2026-01-14 11:36:01,3.352136,3.41088,4.976248,0.60192,4.318456,1.13616,dht11,27.764
2026-01-14 11:36:02,3.789576,3.71808,5.250448,1.1112,4.206944,1.12464,max,27.787
2026-01-14 11:36:03,3.224928,3.41088,5.045032,0.0,4.17008,1.13472,dht11,27.493
2026-01-14 11:36:04,3.613488,3.72096,5.238632,0.77808,4.071784,1.11312,max,27.418
2026-01-14 11:36:05,3.135456,3.41088,4.956128,0.0,3.754976,1.12368,camera,27.764
2026-01-14 11:36:05,3.135456,3.41088,4.956128,0.0,3.754976,1.12368,dht11,27.385
2026-01-14 11:36:06,3.624136,3.40032,5.25588,1.13808,4.589256,1.11552,max,27.322
2026-01-14 11:36:08,3.571544,3.72096,4.890968,0.78384,4.024152,1.1232,max,27.232
2026-01-14 11:36:09,3.011088,3.50448,4.8036,0.0,3.96392,1.12656,dht11,27.616
2026-01-14 11:36:10,3.241888,3.72096,5.2264,0.0,3.69552,1.11984,camera,27.599
2026-01-14 11:36:10,3.241888,3.72096,5.2264,0.0,3.69552,1.11984,max,27.15
2026-01-14 11:36:11,3.979976,3.41088,4.973768,1.71168,4.601032,1.12416,dht11,27.364
2026-01-14 11:36:12,3.4782,3.72096,5.2874,0.57888,4.27,1.1352,max,27.043
2026-01-14 11:36:13,3.503056,3.41088,4.9512,0.76464,4.110552,1.11936,camera,27.74
2026-01-14 11:36:13,3.503056,3.41088,4.9512,0.76464,4.110552,1.11936,dht11,27.024
2026-01-14 11:36:14,3.61932,3.54528,5.269544,0.5304,4.40836,1.1256,max,26.961
2026-01-14 11:36:15,4.0216,3.58656,4.905776,1.728,4.634928,1.12512,dht11,27.069
2026-01-14 11:36:17,3.457664,3.41088,5.25376,1.3224,4.574848,1.1304,dht11,26.931
2026-01-14 11:36:18,3.642256,3.72096,4.937616,0.86304,3.927952,1.12128,camera,27.743
2026-01-14 11:36:18,3.642256,3.72096,4.937616,0.86304,3.927952,1.12128,max,26.822
2026-01-14 11:36:19,3.65324,3.41088,4.949112,1.11696,4.604536,1.12608,dht11,26.803
2026-01-14 11:36:20,3.230304,3.72096,5.216864,0.0,3.684448,1.12464,max,26.77
2026-01-14 11:36:21,4.227424,3.408,5.002592,2.37552,5.229312,1.13664,camera,27.591
2026-01-14 11:36:21,4.227424,3.408,5.002592,2.37552,5.229312,1.13664,dht11,27.461
2026-01-14 11:36:22,3.995752,3.72096,5.294128,1.49616,4.385936,1.12368,max,26.674
2026-01-14 11:36:23,4.813544,3.408,4.951376,3.55488,5.430608,1.12032,dht11,26.635
2026-01-14 11:36:24,4.869128,3.72096,5.241816,3.21744,5.657048,1.1232,max,26.613
2026-01-14 11:36:26,3.230232,3.41088,5.024792,0.0,3.850264,1.12608,max,26.572
2026-01-14 11:36:27,3.271096,3.57312,5.257656,0.0,4.05292,1.12752,dht11,26.591
2026-01-14 11:36:28,3.47292,3.55872,4.933656,0.92736,4.08988,1.12368,max,26.75
2026-01-14 11:36:29,3.976576,3.41088,4.96832,2.1432,5.100928,1.12464,camera,26.974
2026-01-14 11:36:29,3.976576,3.41088,4.96832,2.1432,5.100928,1.12464,dht11,26.759
2026-01-14 11:36:30,4.426368,3.72096,5.570656,1.77168,4.746712,1.12752,max,26.484
2026-01-14 11:36:31,3.705656,3.408,5.309384,1.18944,4.59932,1.152,dht11,26.422
2026-01-14 11:36:32,3.75168,3.72096,5.226128,0.36096,4.187336,1.12656,max,26.42
2026-01-14 11:36:33,4.117,3.41088,5.258096,2.13744,5.070192,1.1304,camera,27.309
2026-01-14 11:36:33,4.117,3.41088,5.258096,2.13744,5.070192,1.1304,dht11,26.358
2026-01-14 11:36:35,3.85796,3.72096,5.156032,0.91152,4.30816,1.13184,dht11,26.461
2026-01-14 11:36:36,4.120336,3.41088,5.251856,2.46576,5.225232,1.13088,max,26.255
2026-01-14 11:36:37,3.53116,3.72096,4.991264,0.0,3.802912,1.13952,camera,26.812
2026-01-14 11:36:37,3.53116,3.72096,4.991264,0.0,3.802912,1.13952,dht11,26.241
2026-01-14 11:36:38,4.134712,3.72096,5.26072,2.05296,4.914704,1.12944,max,26.215
2026-01-14 11:36:39,3.14716,3.41088,4.967432,0.0,3.761576,1.12416,dht11,26.185
2026-01-14 11:36:40,3.495696,3.41088,5.322856,0.81984,4.47652,1.12704,camera,26.457
2026-01-14 11:36:40,3.495696,3.41088,5.322856,0.81984,4.47652,1.12704,max,26.508
2026-01-14 11:36:41,3.71824,3.72096,4.9852,0.73776,4.13528,1.13424,dht11,26.11
2026-01-14 11:36:43,3.304056,3.72096,5.283744,0.0,4.078032,1.1304,dht11,26.127
2026-01-14 11:36:44,4.129976,3.41088,4.930744,2.5248,4.74228,1.128,camera,28.356
2026-01-14 11:36:44,4.129976,3.41088,4.930744,2.5248,4.74228,1.128,max,26.073
2026-01-14 11:36:45,4.307776,3.41088,5.588288,1.96608,5.272208,1.12704,dht11,26.124
2026-01-14 11:36:46,3.604912,3.72096,4.898088,0.56976,4.053976,1.12032,max,27.203
2026-01-14 11:36:47,3.107008,3.408,4.9274,0.0,4.058024,1.128,dht11,26.028
2026-01-14 11:36:48,4.127992,3.72096,5.293192,2.37888,4.57588,1.1328,camera,26.401
2026-01-14 11:36:48,4.127992,3.72096,5.293192,2.37888,4.57588,1.1328,max,25.99
2026-01-14 11:36:49,3.130952,3.41088,4.909656,0.0,4.067416,1.12896,camera,26.98
2026-01-14 11:36:49,3.130952,3.41088,4.909656,0.0,4.067416,1.12896,dht11,25.983
2026-01-14 11:36:50,3.3338,3.72096,5.323296,0.0,3.797536,1.116,max,26.065
2026-01-14 11:36:52,4.016416,3.41088,4.977576,2.12448,4.626344,1.128,max,25.95
2026-01-14 11:36:53,3.26692,3.72096,5.252968,0.0,4.049768,1.12704,camera,26.637
2026-01-14 11:36:53,3.26692,3.72096,5.252968,0.0,4.049768,1.12704,dht11,25.867
2026-01-14 11:36:54,3.3096,3.41136,4.949136,0.3168,3.941008,1.12272,max,25.941
2026-01-14 11:36:56,3.452504,3.41088,5.081976,0.5472,4.094168,1.12944,dht11,25.877
2026-01-14 11:36:56,3.452504,3.41088,5.081976,0.5472,4.094168,1.12944,camera,26.495
2026-01-14 11:36:56,3.452504,3.41088,5.081976,0.5472,4.094168,1.12944,max,26.098
2026-01-14 11:36:58,3.975928,3.41088,4.943608,1.78272,4.594936,1.12608,dht11,26.025
2026-01-14 11:36:58,3.975928,3.41088,4.943608,1.78272,4.594936,1.12608,max,25.832
2026-01-14 11:37:01,3.545992,3.41088,5.007752,0.79344,4.16244,1.12896,camera,26.413
2026-01-14 11:37:02,3.352984,3.72096,5.338008,0.0,4.134296,1.12752,dht11,25.802
2026-01-14 11:37:02,3.352984,3.72096,5.338008,0.0,4.134296,1.12752,camera,25.994
2026-01-14 11:37:02,3.352984,3.72096,5.338008,0.0,4.134296,1.12752,max,26.043
2026-01-14 11:37:04,3.470416,3.41088,5.268048,0.84816,4.421712,1.12896,dht11,25.79
2026-01-14 11:37:04,3.470416,3.41088,5.268048,0.84816,4.421712,1.12896,max,25.755
2026-01-14 11:37:06,3.124056,3.41088,4.943648,0.0,4.079392,1.128,dht11,25.753
2026-01-14 11:37:06,3.124056,3.41088,4.943648,0.0,4.079392,1.128,max,25.991
2026-01-14 11:37:07,3.822336,3.72096,5.282104,1.04592,4.262712,1.12944,camera,26.258
2026-01-14 11:37:08,3.118472,3.41088,4.937608,0.0,4.07432,1.12128,dht11,25.768
2026-01-14 11:37:08,3.118472,3.41088,4.937608,0.0,4.07432,1.12128,max,25.735
2026-01-14 11:37:10,3.70848,3.71808,5.339712,0.85248,4.17036,1.116,dht11,25.675
2026-01-14 11:37:10,3.70848,3.71808,5.339712,0.85248,4.17036,1.116,max,25.749
2026-01-14 11:37:12,4.217056,3.72096,5.37512,2.0468,4.998368,1.12944,dht11,25.678
2026-01-14 11:37:12,4.217056,3.72096,5.37512,2.0468,4.998368,1.12944,camera,26.538
2026-01-14 11:37:12,4.217056,3.72096,5.37512,2.0468,4.998368,1.12944,max,25.728
2026-01-14 11:37:13,3.7666,3.41088,5.04148,1.21728,4.389704,1.12368,camera,26.36
2026-01-14 11:37:14,3.096088,3.41088,5.263176,0.0,4.061512,1.12656,dht11,25.757
2026-01-14 11:37:14,3.096088,3.41088,5.263176,0.0,4.061512,1.12656,max,25.678
2026-01-14 11:37:16,4.672072,3.41088,4.95316,3.74688,5.791816,1.13232,dht11,25.782
2026-01-14 11:37:16,4.672072,3.41088,4.95316,3.74688,5.791816,1.13232,max,25.681
2026-01-14 11:37:17,3.817568,3.72096,5.280352,1.18368,4.092,1.12992,camera,26.232
2026-01-14 11:37:19,4.673304,3.41088,4.978968,3.59856,5.649688,1.13088,camera,25.897
2026-01-14 11:37:20,3.639168,3.72096,5.266304,0.98352,4.045184,1.1376,dht11,25.64
2026-01-14 11:37:20,3.639168,3.72096,5.266304,0.98352,4.045184,1.1376,camera,26.204
2026-01-14 11:37:20,3.639168,3.72096,5.266304,0.98352,4.045184,1.1376,max,26.472
2026-01-14 11:37:21,3.756816,3.41088,5.056272,1.24416,4.718296,1.12368,camera,26.147
2026-01-14 11:37:22,3.340792,3.72528,5.323256,0.0,3.785264,1.12512,dht11,25.607
2026-01-14 11:37:22,3.340792,3.72528,5.323256,0.0,3.785264,1.12512,max,25.9
2026-01-14 11:37:24,3.36984,3.72096,5.356912,0.0,3.82296,1.12512,dht11,25.582
2026-01-14 11:37:24,3.36984,3.72096,5.356912,0.0,3.82296,1.12512,camera,26.495
2026-01-14 11:37:24,3.36984,3.72096,5.356912,0.0,3.82296,1.12512,max,25.635
2026-01-14 11:37:26,3.491656,3.72096,5.475656,0.0,4.27604,1.12416,camera,26.402
2026-01-14 11:37:26,3.491656,3.72096,5.475656,0.0,4.27604,1.12416,max,25.578
2026-01-14 11:37:28,3.758288,3.41088,4.895952,1.29744,4.373712,1.13088,max,25.644
2026-01-14 11:37:29,3.324704,3.72096,5.28832,0.0,4.105544,1.13424,dht11,25.592
2026-01-14 11:37:30,3.129896,3.41088,4.941768,0.0,3.803384,1.128,camera,26.395
2026-01-14 11:37:30,3.129896,3.41088,4.941768,0.0,3.803384,1.128,max,25.657
2026-01-14 11:37:32,3.396528,3.72096,4.878768,0.34032,3.851184,1.1184,max,25.66
2026-01-14 11:37:33,4.038784,3.41088,4.955264,2.35008,4.989056,1.12992,camera,26.303
2026-01-14 11:37:34,3.82032,3.71808,5.281568,1.32096,4.273096,1.12032,dht11,25.837
2026-01-14 11:37:34,3.82032,3.71808,5.281568,1.32096,4.273096,1.12032,max,25.579
2026-01-14 11:37:38,3.341864,3.41088,5.133488,0.0,3.957936,1.12512,camera,25.996
2026-01-14 11:37:38,3.341864,3.41088,5.133488,0.0,3.957936,1.12512,max,25.582
2026-01-14 11:37:39,4.206016,3.72096,5.33856,2.33712,4.98528,1.13184,dht11,26.536
2026-01-14 11:37:40,4.064792,3.41088,5.285912,2.22288,5.027352,1.15008,max,25.815
2026-01-14 11:37:42,3.289864,3.41088,5.252872,0.54624,4.240136,1.12992,max,25.654
2026-01-14 11:37:43,3.444496,3.72096,4.903184,0.18864,3.902224,1.116,camera,26.012
2026-01-14 11:37:46,3.59072,3.72096,5.221552,0.8496,4.379136,1.12656,camera,26.529
2026-01-14 11:37:46,3.59072,3.72096,5.221552,0.8496,4.379136,1.12656,max,25.593
2026-01-14 11:37:48,3.07676,3.41088,5.230288,0.0,4.020944,1.1352,max,25.64
2026-01-14 11:37:49,3.518112,3.72096,5.167264,0.0,3.972136,1.12176,dht11,25.795
2026-01-14 11:37:50,3.472112,3.41088,4.966224,0.97248,4.454856,1.1256,camera,25.958
2026-01-14 11:37:50,3.472112,3.41088,4.966224,0.97248,4.454856,1.1256,max,26.004
2026-01-14 11:37:52,3.113256,3.41088,4.93188,0.0,3.749704,1.10976,max,25.702
2026-01-14 11:37:55,4.367008,3.72096,4.97168,2.47104,4.818592,1.12176,camera,26.276
2026-01-14 11:37:56,3.679112,3.408,4.955184,1.0584,4.62904,1.13712,max,25.722
2026-01-14 11:37:58,3.469976,3.41088,4.929976,0.7392,4.087792,1.12128,camera,26.341
2026-01-14 11:37:58,3.469976,3.41088,4.929976,0.7392,4.087792,1.12128,max,25.905
2026-01-14 11:37:59,3.27576,3.57504,5.26232,0.0,4.064384,1.12704,dht11,25.68
2026-01-14 11:38:00,3.240896,3.5568,4.892096,0.3576,3.8572,1.1232,max,25.805
2026-01-14 11:38:02,4.034312,3.72096,4.995336,1.5576,4.487136,1.1232,camera,26.426
2026-01-14 11:38:02,4.034312,3.72096,4.995336,1.5576,4.487136,1.1232,max,28.764
2026-01-14 11:38:04,4.29412,3.45024,5.308392,2.8632,5.157648,1.14144,camera,27.123
2026-01-14 11:38:04,4.29412,3.45024,5.308392,2.8632,5.157648,1.14144,dht11,26.359
2026-01-14 11:38:04,4.29412,3.45024,5.308392,2.8632,5.157648,1.14144,max,25.722
2026-01-14 11:38:06,3.436808,3.41088,5.314568,0.93936,4.621432,1.13328,camera,26.172
2026-01-14 11:38:06,3.436808,3.41088,5.314568,0.93936,4.621432,1.13328,max,25.752
2026-01-14 11:38:08,3.108776,3.41088,4.944536,0.0,4.09164,1.12224,camera,26.556
2026-01-14 11:38:08,3.108776,3.41088,4.944536,0.0,4.09164,1.12224,max,25.75
2026-01-14 11:38:09,4.151536,3.72096,5.26848,1.9752,4.579744,1.12608,dht11,25.791
2026-01-14 11:38:10,3.886264,3.41088,5.003184,1.9296,4.51512,1.12656,max,25.856
2026-01-14 11:38:12,5.10732,3.72096,5.566336,3.216,5.872128,1.12944,camera,26.512
2026-01-14 11:38:12,5.10732,3.72096,5.566336,3.216,5.872128,1.12944,max,25.878
2026-01-14 11:38:14,4.19456,3.41088,5.129984,2.65584,5.186816,1.11504,max,25.947
2026-01-14 11:38:14,4.19456,3.41088,5.129984,2.65584,5.186816,1.11504,dht11,25.821
2026-01-14 11:38:16,3.2444,3.41088,4.872048,0.42048,3.86728,1.1184,max,26.224
2026-01-14 11:38:17,4.650584,3.72096,5.289504,3.1464,5.43696,1.12752,camera,26.163
2026-01-14 11:38:18,3.786984,3.41088,4.89296,1.76016,4.402976,1.1256,max,25.928
2026-01-14 11:38:19,4.023312,3.45456,5.258768,2.74512,5.048336,1.128,dht11,25.883
2026-01-14 11:38:21,5.085032,3.67728,4.827496,7.11456,5.63236,0.93888,camera,26.618
2026-01-14 11:38:22,3.770488,3.42624,4.088952,7.0224,6.093944,0.0,camera,26.364
2026-01-14 11:38:22,3.770488,3.42624,4.088952,7.0224,6.093944,0.0,max,26.027
2026-01-14 11:38:23,4.131032,3.72672,3.81308,7.27968,5.621976,0.0,camera,26.427
2026-01-14 11:38:24,3.94916,3.408,3.95068,6.816,5.76828,0.0,max,26.21
2026-01-14 11:38:24,3.94916,3.408,3.95068,6.816,5.76828,0.0,dht11,26.001
2026-01-14 11:38:26,2.792256,3.90624,3.266368,3.64992,4.111736,0.1632,max,26.042
2026-01-14 11:38:28,0.139424,3.4368,1.971416,0.0,1.973832,0.0,camera,26.359
2026-01-14 11:38:28,0.139424,3.4368,1.971416,0.0,1.973832,0.0,max,26.041
2026-01-14 11:38:29,0.125896,3.456,2.032584,0.0,2.132056,0.0,dht11,26.076
2026-01-14 11:38:32,0.043392,3.5592,1.88352,0.0,1.88352,0.0,camera,26.549
2026-01-14 11:38:32,0.043392,3.5592,1.88352,0.0,1.88352,0.0,max,26.314
2026-01-14 11:38:34,0.046536,3.456,1.891768,0.0,1.891768,0.0,max,26.4
2026-01-14 11:38:34,0.046536,3.456,1.891768,0.0,1.891768,0.0,dht11,26.144
2026-01-14 11:38:36,0.122936,3.44736,1.975408,0.0,1.981088,0.0,camera,27.103
2026-01-14 11:38:36,0.122936,3.44736,1.975408,0.0,1.981088,0.0,max,26.163
2026-01-14 11:38:38,0.097944,3.44928,2.102936,0.0,2.006736,0.0,max,26.538
2026-01-14 11:38:39,0.142472,3.76128,1.983112,0.0,1.983624,0.0,camera,26.709
2026-01-14 11:38:39,0.142472,3.76128,1.983112,0.0,1.983624,0.0,dht11,26.341
2026-01-14 11:38:41,0.051896,3.4464,1.889976,0.0,1.889464,0.0,camera,26.902
2026-01-14 11:38:42,0.113176,3.44928,1.952792,0.0,1.955384,0.0,max,26.716
2026-01-14 11:38:44,0.04236,3.4416,2.05376,0.0,1.888384,0.0,max,28.174
2026-01-14 11:38:44,0.04236,3.4416,2.05376,0.0,1.888384,0.0,dht11,26.366
2026-01-14 11:38:46,0.081784,3.4464,1.973016,0.0,1.973016,0.0,camera,27.247
2026-01-14 11:38:46,0.081784,3.4464,1.973016,0.0,1.973016,0.0,max,26.345
2026-01-14 11:38:48,0.129704,3.44928,1.96932,0.0,1.96932,0.0,camera,27.115
2026-01-14 11:38:48,0.129704,3.44928,1.96932,0.0,1.96932,0.0,max,27.958
2026-01-14 11:38:49,0.323088,3.4512,2.33432,0.0,2.33432,0.0,dht11,27.985
2026-01-14 11:38:52,0.311656,3.44928,2.150248,0.0,2.151608,0.0,camera,25.831
2026-01-14 11:38:52,0.311656,3.44928,2.150248,0.0,2.151608,0.0,max,25.907
2026-01-14 11:38:54,0.05836,3.44352,1.899384,0.0,1.899384,0.0,max,25.153
2026-01-14 11:38:54,0.05836,3.44352,1.899384,0.0,1.899384,0.0,dht11,24.933
2026-01-14 11:38:55,0.174656,3.44832,2.00928,0.0,2.17824,0.0,camera,25.491
2026-01-14 11:38:56,0.086048,3.45504,2.097696,0.0,1.928736,0.0,max,24.452
2026-01-14 11:38:58,0.050128,3.46944,1.900496,0.0,1.900496,0.0,max,23.959
2026-01-14 11:38:59,0.159152,3.44256,1.995184,0.0,1.995184,0.0,camera,31.591
2026-01-14 11:38:59,0.159152,3.44256,1.995184,0.0,1.995184,0.0,dht11,25.97
2026-01-14 11:39:02,0.051712,3.44544,1.88928,0.0,1.885424,0.0,max,22.676
2026-01-14 11:39:04,0.270904,3.44736,2.279512,0.0,2.122816,0.0,camera,22.428
2026-01-14 11:39:04,0.270904,3.44736,2.279512,0.0,2.122816,0.0,dht11,22.406
2026-01-14 11:39:06,0.060024,3.44736,1.932488,0.0,1.960424,0.0,max,21.887
2026-01-14 11:39:08,0.159312,3.45312,2.000976,0.0,2.000976,0.0,camera,21.499
2026-01-14 11:39:09,0.061176,3.4512,1.901816,0.0,2.072752,0.0,dht11,21.107
2026-01-14 11:39:12,0.066512,3.76224,1.908176,0.0,1.907496,0.0,camera,20.715
2026-01-14 11:39:14,0.0282,3.45984,1.8722,0.0,1.8722,0.0,max,20.771
2026-01-14 11:39:14,0.0282,3.45984,1.8722,0.0,1.8722,0.0,dht11,19.783
2026-01-14 11:39:17,0.065784,3.45792,1.910008,0.0,2.049672,0.0,camera,21.145
2026-01-14 11:39:18,0.094784,3.43968,2.09824,0.0,1.957952,0.0,max,19.178
2026-01-14 11:39:19,0.071,3.77376,1.929984,0.0,1.929984,0.0,camera,19.493
2026-01-14 11:39:19,0.071,3.77376,1.929984,0.0,1.929984,0.0,dht11,18.525
2026-01-14 11:39:33,1.362912,0.50448,1.87952,0.02064,0.687952,1.14096,max,10560.482
2026-01-14 11:39:35,1.375728,0.63936,2.024944,0.02784,0.81608,1.15968,camera,10972.05
2026-01-14 11:39:40,1.28056,0.36336,1.616944,0.012,0.412832,1.14336,max,14218.919
2026-01-14 11:39:45,1.034984,0.0,1.033448,0.0,0.034536,0.93648,camera,18097.007
2026-01-14 11:39:45,1.034984,0.0,1.033448,0.0,0.034536,0.93648,dht11,15564.139
2026-01-14 11:39:45,1.034984,0.0,1.033448,0.0,0.034536,0.93648,max,14925.27
2026-01-14 11:39:45,1.034984,0.0,1.033448,0.0,0.034536,0.93648,camera,14106.021
2026-01-14 11:39:45,1.034984,0.0,1.033448,0.0,0.034536,0.93648,camera,11110.383
2026-01-14 11:39:45,1.034984,0.0,1.033448,0.0,0.034536,0.93648,max,10930.976
2026-01-14 11:39:45,1.034984,0.0,1.033448,0.0,0.034536,0.93648,dht11,10548.87
2026-01-14 11:39:45,1.034984,0.0,1.033448,0.0,0.034536,0.93648,max,6936.138
2026-01-14 11:39:45,1.034984,0.0,1.033448,0.0,0.034536,0.93648,dht11,5530.738
2026-01-14 11:39:45,1.034984,0.0,1.033448,0.0,0.034536,0.93648,max,2937.11
2026-01-14 11:39:45,1.034984,0.0,1.033448,0.0,0.034536,0.93648,dht11,507.045
2026-01-14 11:39:45,1.034984,0.0,1.033448,0.0,0.034536,0.93648,camera,2118.894
2026-01-14 11:39:45,1.034984,0.0,1.033448,0.0,0.034536,0.93648,camera,118.481
2026-01-14 11:39:46,3.60852,1.55232,3.7186,1.31232,3.810248,1.15392,max,13.519
2026-01-14 11:39:48,1.44484,0.36288,1.78276,0.024,0.59372,1.14432,camera,13.195
2026-01-14 11:39:50,1.424392,0.47664,1.923096,0.01104,0.740024,1.12464,dht11,12.609
2026-01-14 11:39:50,1.424392,0.47664,1.923096,0.01104,0.740024,1.12464,max,16.175
2026-01-14 11:39:53,1.066976,0.47376,1.566176,0.00384,0.693728,0.672,camera,12.55
2026-01-14 11:39:54,1.439696,1.42032,2.754544,0.02016,1.571824,1.13376,max,11.712
2026-01-14 11:39:55,1.561704,0.49104,2.080328,0.00432,0.873544,1.1328,dht11,11.579
2026-01-14 11:39:58,1.02884,1.9728,2.520472,0.04032,1.719192,0.7752,camera,11.819
2026-01-14 11:39:58,1.02884,1.9728,2.520472,0.04032,1.719192,0.7752,max,11.119
2026-01-14 11:39:59,0.062504,0.70608,0.788008,0.0,0.788008,0.0,camera,11.666
2026-01-14 11:40:00,4.984024,1.89264,4.264152,2.1384,5.859032,0.89664,dht11,10.95
2026-01-14 11:40:02,3.530504,1.28544,3.242248,1.9224,3.238664,0.89952,max,10.365
2026-01-14 11:40:04,5.3248,2.47776,5.325824,3.57168,6.66368,1.06128,camera,10.778
2026-01-14 11:40:05,5.634104,3.38304,5.69196,2.19168,5.67404,1.14192,dht11,9.967
2026-01-14 11:40:05,5.634104,3.38304,5.69196,2.19168,5.67404,1.14192,camera,10.812
